<?xml version="1.0" encoding="UTF-8"?>
<VirtualServiceConfiguration LastUpdated="1429574123627" ServiceName="ns13:SalesforceV20_API_vs0" xmlns="http://soa.com/capabilities/service/virtualization/bpel" xmlns:ns10="http://schemas.xmlsoap.org/ws/2003/03/business-process/" xmlns:ns11="http://soa.com/bpel/ext" xmlns:ns12="http://schemas.xmlsoap.org/ws/2003/05/partner-link/" xmlns:ns13="https://akana.salesforce.com/services/data/v20.0/" xmlns:ns2="http://schemas.xmlsoap.org/ws/2006/02/addressingidentity" xmlns:ns3="http://www.w3.org/2000/09/xmldsig#" xmlns:ns4="http://docs.oasis-open.org/wss/2004/01/oasis-200401-wss-wssecurity-secext-1.0.xsd" xmlns:ns5="http://docs.oasis-open.org/wss/2004/01/oasis-200401-wss-wssecurity-utility-1.0.xsd" xmlns:ns6="http://schemas.xmlsoap.org/ws/2004/09/mex" xmlns:ns7="http://soa.com/capabilities/service/virtualization/bpel/activity" xmlns:ns8="http://www.w3.org/2001/04/xmlenc#" xmlns:ns9="http://federatedgovernance.org/mc/configuration/x509"><OutboundIdentityConfig><UseInboundIdentities xmlns:xs="http://www.w3.org/2001/XMLSchema" xmlns:xsi="http://www.w3.org/2001/XMLSchema-instance" xsi:type="xs:boolean">true</UseInboundIdentities><UseServiceIdentityForHTTPS>false</UseServiceIdentityForHTTPS></OutboundIdentityConfig><PolicyImplementationConfig><ImplementPolicies>true</ImplementPolicies></PolicyImplementationConfig><OperationImplementation InterfaceName="ns13:SalesforceV20_API_PortType" LastUpdated="1429574123100" OperationName="GET__query"><Process/><BindingHeaderInstructions><PreserveBindingHeaders>true</PreserveBindingHeaders></BindingHeaderInstructions><TransportHeaderInstructions><PreserveTransportHeaders>true</PreserveTransportHeaders></TransportHeaderInstructions></OperationImplementation><OperationImplementation InterfaceName="ns13:SalesforceV20_API_PortType" LastUpdated="1429574123529" OperationName="GET__sobjects_Account__id_"><Process/><BindingHeaderInstructions><PreserveBindingHeaders>true</PreserveBindingHeaders></BindingHeaderInstructions><TransportHeaderInstructions><PreserveTransportHeaders>true</PreserveTransportHeaders></TransportHeaderInstructions></OperationImplementation><OperationImplementation InterfaceName="ns13:SalesforceV20_API_PortType" LastUpdated="1429574123627" OperationName="GET__sobjects_Lead__id_"><Process/><BindingHeaderInstructions><PreserveBindingHeaders>true</PreserveBindingHeaders></BindingHeaderInstructions><TransportHeaderInstructions><PreserveTransportHeaders>true</PreserveTransportHeaders></TransportHeaderInstructions></OperationImplementation><OperationImplementation InterfaceName="ns13:SalesforceV20_API_PortType" LastUpdated="1429574123208" OperationName="POST__sobjects_Account"><Process/><BindingHeaderInstructions><PreserveBindingHeaders>true</PreserveBindingHeaders></BindingHeaderInstructions><TransportHeaderInstructions><PreserveTransportHeaders>true</PreserveTransportHeaders></TransportHeaderInstructions></OperationImplementation><OperationImplementation InterfaceName="ns13:SalesforceV20_API_PortType" LastUpdated="1429574123579" OperationName="POST__sobjects_Lead"><Process/><BindingHeaderInstructions><PreserveBindingHeaders>true</PreserveBindingHeaders></BindingHeaderInstructions><TransportHeaderInstructions><PreserveTransportHeaders>true</PreserveTransportHeaders></TransportHeaderInstructions></OperationImplementation></VirtualServiceConfiguration>