<?xml version="1.0" encoding="UTF-8"?>
<ns2:ExportConfiguration xmlns:ns1="http://digev.com/uri/products/Types/xsd/1.0" xmlns:ns10="http://soa.com/uri/products/IdentityAuthorization/xsd/1.0" xmlns:ns11="http://soa.com/uri/products/Policy/xsd/1.0" xmlns:ns12="http://digev.com/uri/products/AlertManager/xsd/1.0" xmlns:ns13="http://soa.com/uri/products/Contracts/xsd/1.0" xmlns:ns14="http://digev.com/uri/products/PolicyManager/xsd/1.0" xmlns:ns15="urn:uddi-org:sub_v3" xmlns:ns2="http://www.soa.com/uri/products/ServiceManagerMigration/xsd/1.0" xmlns:ns3="http://digev.com/uri/products/ManagementServer/xsd/1.0" xmlns:ns4="http://www.soa.com/uri/products/SLAPolicy/xsd/1.0" xmlns:ns5="urn:uddi-org:api_v3" xmlns:ns6="http://www.w3.org/2000/09/xmldsig#" xmlns:ns7="http://soa.com/uri/products/ServiceProperties/1.0" xmlns:ns8="http://soa.com/uri/products/ServiceEndpointProperties/1.0" xmlns:ns9="http://soa.com/uri/products/Organization/xsd/1.0"><ns2:SourceOrganization><ns1:Key>uddi:soa.com:registryorganization</ns1:Key></ns2:SourceOrganization><ns2:ExportObjectConfiguration><ns1:OrganizationKey><ns1:Key>uddi:d456e649-e6f8-11e4-94bf-b0d1b8a1a875</ns1:Key></ns1:OrganizationKey><ns2:ExportOrganization><ns9:Organization><ns9:OrganizationKey><ns1:Key>uddi:d456e649-e6f8-11e4-94bf-b0d1b8a1a875</ns1:Key></ns9:OrganizationKey><ns9:ParentKey><ns1:Key>uddi:soa.com:registryorganization</ns1:Key></ns9:ParentKey><ns9:Name>SalesForce API Hook</ns9:Name><ns9:Description></ns9:Description><ns9:OrganizationType>Project</ns9:OrganizationType></ns9:Organization><ns5:businessEntity businessKey="uddi:d456e649-e6f8-11e4-94bf-b0d1b8a1a875"><ns5:name>SalesForce API Hook</ns5:name><ns5:categoryBag><ns5:keyedReferenceGroup tModelKey="uddi:soa.com:organization:group"><ns5:keyedReference keyName="Organization type" keyValue="Project" tModelKey="uddi:soa.com:categorization:organizationtype"/></ns5:keyedReferenceGroup></ns5:categoryBag></ns5:businessEntity></ns2:ExportOrganization></ns2:ExportObjectConfiguration><ns2:ExportObjectConfiguration><ns1:BpelKey><ns1:Key>bpel:81464abd-e6f9-11e4-94bf-b0d1b8a1a875</ns1:Key></ns1:BpelKey><ns2:ExportBpel><ns2:BpelUri>bpels/bpel_81464abd-e6f9-11e4-94bf-b0d1b8a1a875.xml</ns2:BpelUri></ns2:ExportBpel></ns2:ExportObjectConfiguration><ns2:ExportObjectConfiguration><ns1:BpelKey><ns1:Key>bpel:81377dac-e6f9-11e4-94bf-b0d1b8a1a875</ns1:Key></ns1:BpelKey><ns2:ExportBpel><ns2:BpelUri>bpels/bpel_81377dac-e6f9-11e4-94bf-b0d1b8a1a875.xml</ns2:BpelUri></ns2:ExportBpel></ns2:ExportObjectConfiguration><ns2:ExportObjectConfiguration><ns1:BpelKey><ns1:Key>bpel:fa8c6ebc-e6f9-11e4-94bf-b0d1b8a1a875</ns1:Key></ns1:BpelKey><ns2:ExportBpel><ns2:BpelUri>bpels/bpel_fa8c6ebc-e6f9-11e4-94bf-b0d1b8a1a875.xml</ns2:BpelUri></ns2:ExportBpel></ns2:ExportObjectConfiguration><ns2:ExportObjectConfiguration><ns1:BpelKey><ns1:Key>bpel:811a31aa-e6f9-11e4-94bf-b0d1b8a1a875</ns1:Key></ns1:BpelKey><ns2:ExportBpel><ns2:BpelUri>bpels/bpel_811a31aa-e6f9-11e4-94bf-b0d1b8a1a875.xml</ns2:BpelUri></ns2:ExportBpel></ns2:ExportObjectConfiguration><ns2:ExportObjectConfiguration><ns1:BpelKey><ns1:Key>bpel:8154065e-e6f9-11e4-94bf-b0d1b8a1a875</ns1:Key></ns1:BpelKey><ns2:ExportBpel><ns2:BpelUri>bpels/bpel_8154065e-e6f9-11e4-94bf-b0d1b8a1a875.xml</ns2:BpelUri></ns2:ExportBpel></ns2:ExportObjectConfiguration><ns2:ExportObjectConfiguration><ns1:BpelKey><ns1:Key>bpel:8129c20b-e6f9-11e4-94bf-b0d1b8a1a875</ns1:Key></ns1:BpelKey><ns2:ExportBpel><ns2:BpelUri>bpels/bpel_8129c20b-e6f9-11e4-94bf-b0d1b8a1a875.xml</ns2:BpelUri></ns2:ExportBpel></ns2:ExportObjectConfiguration><ns2:ExportObjectConfiguration><ns1:InterfaceKey><ns1:Key>uddi:2efde530-cd3d-3bf4-8035-f4eef7bdb6ee</ns1:Key><ns1:InterfaceQName>{https://login.salesforce.com/services/oauth2}SalesforceAuthentication_PortType</ns1:InterfaceQName></ns1:InterfaceKey><ns2:ExportInterface><ns5:tModel deleted="false" tModelKey="uddi:2efde530-cd3d-3bf4-8035-f4eef7bdb6ee"><ns5:name>SalesforceAuthentication_PortType</ns5:name><ns5:categoryBag><ns5:keyedReference keyName="WSDL type" keyValue="portType" tModelKey="uddi:uddi.org:wsdl:types"/><ns5:keyedReference keyName="portType namespace" keyValue="https://login.salesforce.com/services/oauth2" tModelKey="uddi:uddi.org:xml:namespace"/></ns5:categoryBag></ns5:tModel><ns2:InterfaceWsdlUri>wsdls/uddi_2efde530-cd3d-3bf4-8035-f4eef7bdb6ee.wsdl</ns2:InterfaceWsdlUri></ns2:ExportInterface></ns2:ExportObjectConfiguration><ns2:ExportObjectConfiguration><ns1:InterfaceKey><ns1:Key>uddi:92a520cb-7787-53fd-1cc4-815a6d572734</ns1:Key><ns1:InterfaceQName>{https://na4.salesforce.com/services/data/v20.0/}SalesforceV20_API_PortType</ns1:InterfaceQName></ns1:InterfaceKey><ns2:ExportInterface><ns5:tModel deleted="false" tModelKey="uddi:92a520cb-7787-53fd-1cc4-815a6d572734"><ns5:name>SalesforceV20_API_PortType</ns5:name><ns5:categoryBag><ns5:keyedReference keyName="WSDL type" keyValue="portType" tModelKey="uddi:uddi.org:wsdl:types"/><ns5:keyedReference keyName="portType namespace" keyValue="https://na4.salesforce.com/services/data/v20.0/" tModelKey="uddi:uddi.org:xml:namespace"/></ns5:categoryBag></ns5:tModel><ns2:InterfaceWsdlUri>wsdls/uddi_92a520cb-7787-53fd-1cc4-815a6d572734.wsdl</ns2:InterfaceWsdlUri></ns2:ExportInterface></ns2:ExportObjectConfiguration><ns2:ExportObjectConfiguration><ns1:BindingKey><ns1:Key>uddi:10cecae7-8cef-20d3-cd83-ecf77402aa6c</ns1:Key><ns1:BindingQName>{https://na4.salesforce.com/services/data/v20.0/}SalesforceV20_API_Binding</ns1:BindingQName><ns1:BindingType>binding.http</ns1:BindingType></ns1:BindingKey><ns2:ExportBinding><ns5:tModel deleted="false" tModelKey="uddi:10cecae7-8cef-20d3-cd83-ecf77402aa6c"><ns5:name>SalesforceV20_API_Binding</ns5:name><ns5:categoryBag><ns5:keyedReference keyName="uddi-org:types" keyValue="wsdlSpec" tModelKey="uddi:uddi.org:categorization:types"/><ns5:keyedReference keyName="portType Reference" keyValue="uddi:92a520cb-7787-53fd-1cc4-815a6d572734" tModelKey="uddi:uddi.org:wsdl:porttypereference"/><ns5:keyedReference keyName="WSDL type" keyValue="binding" tModelKey="uddi:uddi.org:wsdl:types"/><ns5:keyedReference keyName="binding namespace" keyValue="https://na4.salesforce.com/services/data/v20.0/" tModelKey="uddi:uddi.org:xml:namespace"/></ns5:categoryBag></ns5:tModel><ns2:BindingWsdlUri>wsdls/uddi_10cecae7-8cef-20d3-cd83-ecf77402aa6c.wsdl</ns2:BindingWsdlUri></ns2:ExportBinding></ns2:ExportObjectConfiguration><ns2:ExportObjectConfiguration><ns1:BindingKey><ns1:Key>uddi:69eb6109-5a11-7127-04a4-f1f28b7ecf04</ns1:Key><ns1:BindingQName>{https://login.salesforce.com/services/oauth2}SalesforceAuthentication_Binding</ns1:BindingQName><ns1:BindingType>binding.http</ns1:BindingType></ns1:BindingKey><ns2:ExportBinding><ns5:tModel deleted="false" tModelKey="uddi:69eb6109-5a11-7127-04a4-f1f28b7ecf04"><ns5:name>SalesforceAuthentication_Binding</ns5:name><ns5:categoryBag><ns5:keyedReference keyName="uddi-org:types" keyValue="wsdlSpec" tModelKey="uddi:uddi.org:categorization:types"/><ns5:keyedReference keyName="portType Reference" keyValue="uddi:2efde530-cd3d-3bf4-8035-f4eef7bdb6ee" tModelKey="uddi:uddi.org:wsdl:porttypereference"/><ns5:keyedReference keyName="WSDL type" keyValue="binding" tModelKey="uddi:uddi.org:wsdl:types"/><ns5:keyedReference keyName="binding namespace" keyValue="https://login.salesforce.com/services/oauth2" tModelKey="uddi:uddi.org:xml:namespace"/></ns5:categoryBag></ns5:tModel><ns2:BindingWsdlUri>wsdls/uddi_69eb6109-5a11-7127-04a4-f1f28b7ecf04.wsdl</ns2:BindingWsdlUri></ns2:ExportBinding></ns2:ExportObjectConfiguration><ns2:ExportObjectConfiguration><ns1:ServiceKey><ns1:Key>uddi:6fc3b770-e6f9-11e4-94bf-b0d1b8a1a875</ns1:Key><ns1:ServiceQName>{https://na4.salesforce.com/services/data/v20.0/}SalesforceV20_API_vs0</ns1:ServiceQName></ns1:ServiceKey><ns2:ExportService><ns3:VirtualService BusinessKey="uddi:d456e649-e6f8-11e4-94bf-b0d1b8a1a875" ServiceKey="uddi:6fc3b770-e6f9-11e4-94bf-b0d1b8a1a875" WsdlServiceLocalName="SalesforceV20_API_vs0" WsdlTargetNamespaceUrl="https://na4.salesforce.com/services/data/v20.0/"><ns3:Name>SalesforceV20_API_vs0</ns3:Name><ns3:Description></ns3:Description><ns3:Operations><ns3:LogicalOperation InterfaceName="{https://na4.salesforce.com/services/data/v20.0/}SalesforceV20_API_PortType" ManagementState="Enabled" NextHopOperationKey="uddi:25734f6f-71c4-11e4-b9af-fdd44115e303$$${https://na4.salesforce.com/services/data/v20.0/}SalesforceV20_API_PortType$$$GET__query" NextHopOperationName="GET /query" NextHopServiceKey="uddi:25734f6f-71c4-11e4-b9af-fdd44115e303" NextHopServiceName="SalesforceV20_API" NumOfVirtualizedOperations="0" OperationKey="700b95e4-e6f9-11e4-94bf-b0d1b8a1a875" OperationLastUpdatedAt="2015-04-20T01:06:42.037Z" OperationName="GET /query" PolicyAvailable="true" ServiceKey="uddi:6fc3b770-e6f9-11e4-94bf-b0d1b8a1a875" WsdlOperationName="GET__query"><ns3:NextHopOperation InterfaceName="{https://na4.salesforce.com/services/data/v20.0/}SalesforceV20_API_PortType" OperationKey="b3cb83c5-dcc3-11e4-bea5-dbead20d92c4" OperationLastUpdatedAt="2015-04-07T01:16:24.307Z" OperationName="GET /query" ServiceKey="uddi:25734f6f-71c4-11e4-b9af-fdd44115e303" ServiceName="SalesforceV20_API" WsdlOperationName="GET__query"/></ns3:LogicalOperation><ns3:LogicalOperation InterfaceName="{https://na4.salesforce.com/services/data/v20.0/}SalesforceV20_API_PortType" ManagementState="Enabled" NextHopOperationKey="uddi:25734f6f-71c4-11e4-b9af-fdd44115e303$$${https://na4.salesforce.com/services/data/v20.0/}SalesforceV20_API_PortType$$$GET__sobjects_Account__id_" NextHopOperationName="GET /sobjects/Account/{id}" NextHopServiceKey="uddi:25734f6f-71c4-11e4-b9af-fdd44115e303" NextHopServiceName="SalesforceV20_API" NumOfVirtualizedOperations="0" OperationKey="7010ed19-e6f9-11e4-94bf-b0d1b8a1a875" OperationLastUpdatedAt="2015-04-20T01:06:42.037Z" OperationName="GET /sobjects/Account/{id}" PolicyAvailable="true" ServiceKey="uddi:6fc3b770-e6f9-11e4-94bf-b0d1b8a1a875" WsdlOperationName="GET__sobjects_Account__id_"><ns3:NextHopOperation InterfaceName="{https://na4.salesforce.com/services/data/v20.0/}SalesforceV20_API_PortType" OperationKey="b3ce69fa-dcc3-11e4-bea5-dbead20d92c4" OperationLastUpdatedAt="2015-04-07T01:16:24.307Z" OperationName="GET /sobjects/Account/{id}" ServiceKey="uddi:25734f6f-71c4-11e4-b9af-fdd44115e303" ServiceName="SalesforceV20_API" WsdlOperationName="GET__sobjects_Account__id_"/></ns3:LogicalOperation><ns3:LogicalOperation InterfaceName="{https://na4.salesforce.com/services/data/v20.0/}SalesforceV20_API_PortType" ManagementState="Enabled" NextHopOperationKey="uddi:25734f6f-71c4-11e4-b9af-fdd44115e303$$${https://na4.salesforce.com/services/data/v20.0/}SalesforceV20_API_PortType$$$GET__sobjects_Lead__id_" NextHopOperationName="GET /sobjects/Lead/{id}" NextHopServiceKey="uddi:25734f6f-71c4-11e4-b9af-fdd44115e303" NextHopServiceName="SalesforceV20_API" NumOfVirtualizedOperations="0" OperationKey="7014e4be-e6f9-11e4-94bf-b0d1b8a1a875" OperationLastUpdatedAt="2015-04-20T01:06:42.037Z" OperationName="GET /sobjects/Lead/{id}" PolicyAvailable="true" ServiceKey="uddi:6fc3b770-e6f9-11e4-94bf-b0d1b8a1a875" WsdlOperationName="GET__sobjects_Lead__id_"><ns3:NextHopOperation InterfaceName="{https://na4.salesforce.com/services/data/v20.0/}SalesforceV20_API_PortType" OperationKey="b3d0daff-dcc3-11e4-bea5-dbead20d92c4" OperationLastUpdatedAt="2015-04-07T01:16:24.307Z" OperationName="GET /sobjects/Lead/{id}" ServiceKey="uddi:25734f6f-71c4-11e4-b9af-fdd44115e303" ServiceName="SalesforceV20_API" WsdlOperationName="GET__sobjects_Lead__id_"/></ns3:LogicalOperation><ns3:LogicalOperation InterfaceName="{https://na4.salesforce.com/services/data/v20.0/}SalesforceV20_API_PortType" ManagementState="Enabled" NextHopOperationKey="uddi:25734f6f-71c4-11e4-b9af-fdd44115e303$$${https://na4.salesforce.com/services/data/v20.0/}SalesforceV20_API_PortType$$$POST__sobjects_Account" NextHopOperationName="POST /sobjects/Account" NextHopServiceKey="uddi:25734f6f-71c4-11e4-b9af-fdd44115e303" NextHopServiceName="SalesforceV20_API" NumOfVirtualizedOperations="0" OperationKey="700e7c16-e6f9-11e4-94bf-b0d1b8a1a875" OperationLastUpdatedAt="2015-04-20T01:06:42.037Z" OperationName="POST /sobjects/Account" PolicyAvailable="true" ServiceKey="uddi:6fc3b770-e6f9-11e4-94bf-b0d1b8a1a875" WsdlOperationName="POST__sobjects_Account"><ns3:NextHopOperation InterfaceName="{https://na4.salesforce.com/services/data/v20.0/}SalesforceV20_API_PortType" OperationKey="b3cc6e27-dcc3-11e4-bea5-dbead20d92c4" OperationLastUpdatedAt="2015-04-07T01:16:24.307Z" OperationName="POST /sobjects/Account" ServiceKey="uddi:25734f6f-71c4-11e4-b9af-fdd44115e303" ServiceName="SalesforceV20_API" WsdlOperationName="POST__sobjects_Account"/></ns3:LogicalOperation><ns3:LogicalOperation InterfaceName="{https://na4.salesforce.com/services/data/v20.0/}SalesforceV20_API_PortType" ManagementState="Enabled" NextHopOperationKey="uddi:25734f6f-71c4-11e4-b9af-fdd44115e303$$${https://na4.salesforce.com/services/data/v20.0/}SalesforceV20_API_PortType$$$POST__sobjects_Lead" NextHopOperationName="POST /sobjects/Lead" NextHopServiceKey="uddi:25734f6f-71c4-11e4-b9af-fdd44115e303" NextHopServiceName="SalesforceV20_API" NumOfVirtualizedOperations="3" OperationKey="7013d34b-e6f9-11e4-94bf-b0d1b8a1a875" OperationLastUpdatedAt="2015-04-20T01:06:42.037Z" OperationName="POST /sobjects/Lead" PolicyAvailable="true" ServiceKey="uddi:6fc3b770-e6f9-11e4-94bf-b0d1b8a1a875" WsdlOperationName="POST__sobjects_Lead"><ns3:NextHopOperation InterfaceName="{https://na4.salesforce.com/services/data/v20.0/}SalesforceV20_API_PortType" OperationKey="b3cedf2c-dcc3-11e4-bea5-dbead20d92c4" OperationLastUpdatedAt="2015-04-07T01:16:24.307Z" OperationName="POST /sobjects/Lead" ServiceKey="uddi:25734f6f-71c4-11e4-b9af-fdd44115e303" ServiceName="SalesforceV20_API" WsdlOperationName="POST__sobjects_Lead"/></ns3:LogicalOperation></ns3:Operations></ns3:VirtualService><ns5:businessService businessKey="uddi:d456e649-e6f8-11e4-94bf-b0d1b8a1a875" serviceKey="uddi:6fc3b770-e6f9-11e4-94bf-b0d1b8a1a875"><ns5:name>SalesforceV20_API_vs0</ns5:name><ns5:bindingTemplates><ns5:bindingTemplate bindingKey="uddi:70aeb3ca-e6f9-11e4-94bf-b0d1b8a1a875" serviceKey="uddi:6fc3b770-e6f9-11e4-94bf-b0d1b8a1a875"><ns5:accessPoint useType="endPoint">http://localhost:9905/sf_hook</ns5:accessPoint><ns5:tModelInstanceDetails><ns5:tModelInstanceInfo tModelKey="uddi:10cecae7-8cef-20d3-cd83-ecf77402aa6c"><ns5:description>The wsdl:binding that this wsdl:port implements. The instanceParms specifies the port local name.</ns5:description><ns5:instanceDetails><ns5:instanceParms>HTTP</ns5:instanceParms></ns5:instanceDetails></ns5:tModelInstanceInfo><ns5:tModelInstanceInfo tModelKey="uddi:92a520cb-7787-53fd-1cc4-815a6d572734"><ns5:description>The wsdl:portType that this wsdl:port implements.</ns5:description></ns5:tModelInstanceInfo></ns5:tModelInstanceDetails><ns5:categoryBag><ns5:keyedReference keyName="WSDL type" keyValue="port" tModelKey="uddi:uddi.org:wsdl:types"/><ns5:keyedReferenceGroup tModelKey="uddi:soa.com:serviceendpoint:group"><ns5:keyedReference keyName="containerKey" keyValue="283b5d7c-b1dc-456d-ad3d-98cb1fc5" tModelKey="uddi:soa.com:serviceendpoint:containername"/><ns5:keyedReference keyName="listenerName" keyValue="default-http0" tModelKey="uddi:soa.com:serviceendpoint:listenername"/></ns5:keyedReferenceGroup></ns5:categoryBag></ns5:bindingTemplate></ns5:bindingTemplates><ns5:categoryBag><ns5:keyedReference keyName="Virtual Service" keyValue="Virtual Service" tModelKey="uddi:digev.com:categorization:services"/><ns5:keyedReference keyName="Design" keyValue="Design" tModelKey="uddi:soa.com:servicelifecyclestage"/><ns5:keyedReference keyName="WSDL type" keyValue="service" tModelKey="uddi:uddi.org:wsdl:types"/><ns5:keyedReference keyName="service namespace" keyValue="https://na4.salesforce.com/services/data/v20.0/" tModelKey="uddi:uddi.org:xml:namespace"/><ns5:keyedReference keyName="service local name" keyValue="SalesforceV20_API_vs0" tModelKey="uddi:uddi.org:xml:localname"/><ns5:keyedReference keyName="Managed Service" keyValue="Managed Service" tModelKey="uddi:digev.com:categorization:services"/></ns5:categoryBag></ns5:businessService><ns2:ExportServiceEndpoint><ns8:ServiceEndpoint><ns8:ServiceKey>uddi:6fc3b770-e6f9-11e4-94bf-b0d1b8a1a875</ns8:ServiceKey><ns8:Name>uddi:70aeb3ca-e6f9-11e4-94bf-b0d1b8a1a875</ns8:Name><ns8:Url>http://localhost:9905/sf_hook</ns8:Url><ns8:BindingQName>{https://na4.salesforce.com/services/data/v20.0/}SalesforceV20_API_Binding</ns8:BindingQName><ns8:PortName>HTTP</ns8:PortName><ns8:Protocol>http</ns8:Protocol><ns8:ContainerKey>283b5d7c-b1dc-456d-ad3d-98cb1fc5</ns8:ContainerKey><ns8:ListenerName>default-http0</ns8:ListenerName></ns8:ServiceEndpoint><ns2:EndpointWsdlUri>wsdls/uddi_70aeb3ca-e6f9-11e4-94bf-b0d1b8a1a875.wsdl</ns2:EndpointWsdlUri></ns2:ExportServiceEndpoint><ns2:BpelUri>services/uddi_6fc3b770-e6f9-11e4-94bf-b0d1b8a1a875/bpel.xml</ns2:BpelUri></ns2:ExportService></ns2:ExportObjectConfiguration><ns2:ExportObjectConfiguration><ns1:ServiceKey><ns1:Key>uddi:e7fcd857-e6f9-11e4-94bf-b0d1b8a1a875</ns1:Key><ns1:ServiceQName>{https://login.salesforce.com/services/oauth2}SalesforceAuthentication_vs0</ns1:ServiceQName></ns1:ServiceKey><ns2:ExportService><ns3:VirtualService BusinessKey="uddi:d456e649-e6f8-11e4-94bf-b0d1b8a1a875" ServiceKey="uddi:e7fcd857-e6f9-11e4-94bf-b0d1b8a1a875" WsdlServiceLocalName="SalesforceAuthentication_vs0" WsdlTargetNamespaceUrl="https://login.salesforce.com/services/oauth2"><ns3:Name>SalesforceAuthentication_vs0</ns3:Name><ns3:Description></ns3:Description><ns3:Operations><ns3:LogicalOperation InterfaceName="{https://login.salesforce.com/services/oauth2}SalesforceAuthentication_PortType" ManagementState="Enabled" NextHopOperationKey="uddi:7419dd65-6e92-11e4-8fed-dad2b3c7c30a$$${https://login.salesforce.com/services/oauth2}SalesforceAuthentication_PortType$$$POST__token" NextHopOperationName="POST /token" NextHopServiceKey="uddi:7419dd65-6e92-11e4-8fed-dad2b3c7c30a" NextHopServiceName="SalesforceAuthentication" NumOfVirtualizedOperations="3" OperationKey="e84ca60b-e6f9-11e4-94bf-b0d1b8a1a875" OperationLastUpdatedAt="2015-04-20T01:10:05.360Z" OperationName="POST /token" PolicyAvailable="true" ServiceKey="uddi:e7fcd857-e6f9-11e4-94bf-b0d1b8a1a875" WsdlOperationName="POST__token"><ns3:NextHopOperation InterfaceName="{https://login.salesforce.com/services/oauth2}SalesforceAuthentication_PortType" OperationKey="b46c7ed3-dcc3-11e4-bea5-dbead20d92c4" OperationLastUpdatedAt="2015-04-07T01:16:25.327Z" OperationName="POST /token" ServiceKey="uddi:7419dd65-6e92-11e4-8fed-dad2b3c7c30a" ServiceName="SalesforceAuthentication" WsdlOperationName="POST__token"/></ns3:LogicalOperation></ns3:Operations></ns3:VirtualService><ns5:businessService businessKey="uddi:d456e649-e6f8-11e4-94bf-b0d1b8a1a875" serviceKey="uddi:e7fcd857-e6f9-11e4-94bf-b0d1b8a1a875"><ns5:name>SalesforceAuthentication_vs0</ns5:name><ns5:bindingTemplates><ns5:bindingTemplate bindingKey="uddi:e896f57f-e6f9-11e4-94bf-b0d1b8a1a875" serviceKey="uddi:e7fcd857-e6f9-11e4-94bf-b0d1b8a1a875"><ns5:accessPoint useType="endPoint">http://localhost:9905/sf_hook</ns5:accessPoint><ns5:tModelInstanceDetails><ns5:tModelInstanceInfo tModelKey="uddi:69eb6109-5a11-7127-04a4-f1f28b7ecf04"><ns5:description>The wsdl:binding that this wsdl:port implements. The instanceParms specifies the port local name.</ns5:description><ns5:instanceDetails><ns5:instanceParms>HTTP</ns5:instanceParms></ns5:instanceDetails></ns5:tModelInstanceInfo><ns5:tModelInstanceInfo tModelKey="uddi:2efde530-cd3d-3bf4-8035-f4eef7bdb6ee"><ns5:description>The wsdl:portType that this wsdl:port implements.</ns5:description></ns5:tModelInstanceInfo></ns5:tModelInstanceDetails><ns5:categoryBag><ns5:keyedReference keyName="WSDL type" keyValue="port" tModelKey="uddi:uddi.org:wsdl:types"/><ns5:keyedReferenceGroup tModelKey="uddi:soa.com:serviceendpoint:group"><ns5:keyedReference keyName="containerKey" keyValue="283b5d7c-b1dc-456d-ad3d-98cb1fc5" tModelKey="uddi:soa.com:serviceendpoint:containername"/><ns5:keyedReference keyName="listenerName" keyValue="default-http0" tModelKey="uddi:soa.com:serviceendpoint:listenername"/></ns5:keyedReferenceGroup></ns5:categoryBag></ns5:bindingTemplate></ns5:bindingTemplates><ns5:categoryBag><ns5:keyedReference keyName="Virtual Service" keyValue="Virtual Service" tModelKey="uddi:digev.com:categorization:services"/><ns5:keyedReference keyName="Design" keyValue="Design" tModelKey="uddi:soa.com:servicelifecyclestage"/><ns5:keyedReference keyName="WSDL type" keyValue="service" tModelKey="uddi:uddi.org:wsdl:types"/><ns5:keyedReference keyName="service namespace" keyValue="https://login.salesforce.com/services/oauth2" tModelKey="uddi:uddi.org:xml:namespace"/><ns5:keyedReference keyName="service local name" keyValue="SalesforceAuthentication_vs0" tModelKey="uddi:uddi.org:xml:localname"/><ns5:keyedReference keyName="Managed Service" keyValue="Managed Service" tModelKey="uddi:digev.com:categorization:services"/></ns5:categoryBag></ns5:businessService><ns2:ExportServiceEndpoint><ns8:ServiceEndpoint><ns8:ServiceKey>uddi:e7fcd857-e6f9-11e4-94bf-b0d1b8a1a875</ns8:ServiceKey><ns8:Name>uddi:e896f57f-e6f9-11e4-94bf-b0d1b8a1a875</ns8:Name><ns8:Url>http://localhost:9905/sf_hook</ns8:Url><ns8:BindingQName>{https://login.salesforce.com/services/oauth2}SalesforceAuthentication_Binding</ns8:BindingQName><ns8:PortName>HTTP</ns8:PortName><ns8:Protocol>http</ns8:Protocol><ns8:ContainerKey>283b5d7c-b1dc-456d-ad3d-98cb1fc5</ns8:ContainerKey><ns8:ListenerName>default-http0</ns8:ListenerName></ns8:ServiceEndpoint><ns2:EndpointWsdlUri>wsdls/uddi_e896f57f-e6f9-11e4-94bf-b0d1b8a1a875.wsdl</ns2:EndpointWsdlUri></ns2:ExportServiceEndpoint><ns2:BpelUri>services/uddi_e7fcd857-e6f9-11e4-94bf-b0d1b8a1a875/bpel.xml</ns2:BpelUri></ns2:ExportService></ns2:ExportObjectConfiguration><ns2:ExportObjectConfiguration><ns1:ServiceKey><ns1:Key>uddi:25734f6f-71c4-11e4-b9af-fdd44115e303</ns1:Key><ns1:ServiceQName>{https://na4.salesforce.com/services/data/v20.0/}SalesforceV20_API</ns1:ServiceQName></ns1:ServiceKey><ns2:ExportService><ns3:PhysicalService BusinessKey="uddi:d456e649-e6f8-11e4-94bf-b0d1b8a1a875" Discovered="false" ServiceKey="uddi:25734f6f-71c4-11e4-b9af-fdd44115e303" WsdlServiceLocalName="SalesforceV20_API" WsdlTargetNamespaceUrl="https://na4.salesforce.com/services/data/v20.0/"><ns3:Name>SalesforceV20_API</ns3:Name><ns3:Description></ns3:Description><ns3:Operations><ns3:Operation InterfaceName="{https://na4.salesforce.com/services/data/v20.0/}SalesforceV20_API_PortType" ManagementState="Enabled" NumOfVirtualizedOperations="1" OperationKey="b3cb83c5-dcc3-11e4-bea5-dbead20d92c4" OperationLastUpdatedAt="2015-04-07T01:16:24.307Z" OperationName="GET /query" PolicyAvailable="true" ServiceKey="uddi:25734f6f-71c4-11e4-b9af-fdd44115e303" WsdlOperationName="GET__query"/><ns3:Operation InterfaceName="{https://na4.salesforce.com/services/data/v20.0/}SalesforceV20_API_PortType" ManagementState="Enabled" NumOfVirtualizedOperations="1" OperationKey="b3ce69fa-dcc3-11e4-bea5-dbead20d92c4" OperationLastUpdatedAt="2015-04-07T01:16:24.307Z" OperationName="GET /sobjects/Account/{id}" PolicyAvailable="true" ServiceKey="uddi:25734f6f-71c4-11e4-b9af-fdd44115e303" WsdlOperationName="GET__sobjects_Account__id_"/><ns3:Operation InterfaceName="{https://na4.salesforce.com/services/data/v20.0/}SalesforceV20_API_PortType" ManagementState="Enabled" NumOfVirtualizedOperations="1" OperationKey="b3d0daff-dcc3-11e4-bea5-dbead20d92c4" OperationLastUpdatedAt="2015-04-07T01:16:24.307Z" OperationName="GET /sobjects/Lead/{id}" PolicyAvailable="true" ServiceKey="uddi:25734f6f-71c4-11e4-b9af-fdd44115e303" WsdlOperationName="GET__sobjects_Lead__id_"/><ns3:Operation InterfaceName="{https://na4.salesforce.com/services/data/v20.0/}SalesforceV20_API_PortType" ManagementState="Enabled" NumOfVirtualizedOperations="1" OperationKey="b3cc6e27-dcc3-11e4-bea5-dbead20d92c4" OperationLastUpdatedAt="2015-04-07T01:16:24.307Z" OperationName="POST /sobjects/Account" PolicyAvailable="true" ServiceKey="uddi:25734f6f-71c4-11e4-b9af-fdd44115e303" WsdlOperationName="POST__sobjects_Account"/><ns3:Operation InterfaceName="{https://na4.salesforce.com/services/data/v20.0/}SalesforceV20_API_PortType" ManagementState="Enabled" NumOfVirtualizedOperations="1" OperationKey="b3cedf2c-dcc3-11e4-bea5-dbead20d92c4" OperationLastUpdatedAt="2015-04-07T01:16:24.307Z" OperationName="POST /sobjects/Lead" PolicyAvailable="true" ServiceKey="uddi:25734f6f-71c4-11e4-b9af-fdd44115e303" WsdlOperationName="POST__sobjects_Lead"/></ns3:Operations></ns3:PhysicalService><ns5:businessService businessKey="uddi:d456e649-e6f8-11e4-94bf-b0d1b8a1a875" serviceKey="uddi:25734f6f-71c4-11e4-b9af-fdd44115e303"><ns5:name>SalesforceV20_API</ns5:name><ns5:bindingTemplates><ns5:bindingTemplate bindingKey="uddi:25983ca4-71c4-11e4-b9af-fdd44115e303" serviceKey="uddi:25734f6f-71c4-11e4-b9af-fdd44115e303"><ns5:accessPoint useType="endPoint">https://na4.salesforce.com/services/data/v20.0/</ns5:accessPoint><ns5:tModelInstanceDetails><ns5:tModelInstanceInfo tModelKey="uddi:10cecae7-8cef-20d3-cd83-ecf77402aa6c"><ns5:description>The wsdl:binding that this wsdl:port implements. The instanceParms specifies the port local name.</ns5:description><ns5:instanceDetails><ns5:instanceParms>SalesforceV20_API_port</ns5:instanceParms></ns5:instanceDetails></ns5:tModelInstanceInfo><ns5:tModelInstanceInfo tModelKey="uddi:92a520cb-7787-53fd-1cc4-815a6d572734"><ns5:description>The wsdl:portType that this wsdl:port implements.</ns5:description></ns5:tModelInstanceInfo></ns5:tModelInstanceDetails><ns5:categoryBag><ns5:keyedReference keyName="WSDL type" keyValue="port" tModelKey="uddi:uddi.org:wsdl:types"/></ns5:categoryBag></ns5:bindingTemplate></ns5:bindingTemplates><ns5:categoryBag><ns5:keyedReference keyName="Staging" keyValue="Staging" tModelKey="uddi:soa.com:servicelifecyclestage"/><ns5:keyedReference keyName="WSDL type" keyValue="service" tModelKey="uddi:uddi.org:wsdl:types"/><ns5:keyedReference keyName="service namespace" keyValue="https://na4.salesforce.com/services/data/v20.0/" tModelKey="uddi:uddi.org:xml:namespace"/><ns5:keyedReference keyName="service local name" keyValue="SalesforceV20_API" tModelKey="uddi:uddi.org:xml:localname"/><ns5:keyedReference keyName="1.0" keyValue="20bde252-4014-4c8a-81bf-9b68708d6ee5" tModelKey="uddi:soa.com:serviceversion"/><ns5:keyedReferenceGroup tModelKey="uddi:soa.com:service:group"/></ns5:categoryBag></ns5:businessService><ns2:ExportServiceEndpoint><ns8:ServiceEndpoint><ns8:ServiceKey>uddi:25734f6f-71c4-11e4-b9af-fdd44115e303</ns8:ServiceKey><ns8:Name>uddi:25983ca4-71c4-11e4-b9af-fdd44115e303</ns8:Name><ns8:Url>https://na4.salesforce.com/services/data/v20.0/</ns8:Url><ns8:BindingQName>{https://na4.salesforce.com/services/data/v20.0/}SalesforceV20_API_Binding</ns8:BindingQName><ns8:PortName>SalesforceV20_API_port</ns8:PortName><ns8:Protocol>https</ns8:Protocol></ns8:ServiceEndpoint><ns2:EndpointWsdlUri>wsdls/uddi_25983ca4-71c4-11e4-b9af-fdd44115e303.wsdl</ns2:EndpointWsdlUri></ns2:ExportServiceEndpoint></ns2:ExportService></ns2:ExportObjectConfiguration><ns2:ExportObjectConfiguration><ns1:ServiceKey><ns1:Key>uddi:7419dd65-6e92-11e4-8fed-dad2b3c7c30a</ns1:Key><ns1:ServiceQName>{https://login.salesforce.com/services/oauth2}SalesforceAuthentication</ns1:ServiceQName></ns1:ServiceKey><ns2:ExportService><ns3:PhysicalService BusinessKey="uddi:d456e649-e6f8-11e4-94bf-b0d1b8a1a875" Discovered="false" ServiceKey="uddi:7419dd65-6e92-11e4-8fed-dad2b3c7c30a" WsdlServiceLocalName="SalesforceAuthentication" WsdlTargetNamespaceUrl="https://login.salesforce.com/services/oauth2"><ns3:Name>SalesforceAuthentication</ns3:Name><ns3:Description></ns3:Description><ns3:Operations><ns3:Operation InterfaceName="{https://login.salesforce.com/services/oauth2}SalesforceAuthentication_PortType" ManagementState="Enabled" NumOfVirtualizedOperations="1" OperationKey="b46c7ed3-dcc3-11e4-bea5-dbead20d92c4" OperationLastUpdatedAt="2015-04-07T01:16:25.327Z" OperationName="POST /token" PolicyAvailable="true" ServiceKey="uddi:7419dd65-6e92-11e4-8fed-dad2b3c7c30a" WsdlOperationName="POST__token"/></ns3:Operations></ns3:PhysicalService><ns5:businessService businessKey="uddi:d456e649-e6f8-11e4-94bf-b0d1b8a1a875" serviceKey="uddi:7419dd65-6e92-11e4-8fed-dad2b3c7c30a"><ns5:name>SalesforceAuthentication</ns5:name><ns5:bindingTemplates><ns5:bindingTemplate bindingKey="uddi:744e81fc-6e92-11e4-8fed-dad2b3c7c30a" serviceKey="uddi:7419dd65-6e92-11e4-8fed-dad2b3c7c30a"><ns5:accessPoint useType="endPoint">https://login.salesforce.com/services/oauth2</ns5:accessPoint><ns5:tModelInstanceDetails><ns5:tModelInstanceInfo tModelKey="uddi:69eb6109-5a11-7127-04a4-f1f28b7ecf04"><ns5:description>The wsdl:binding that this wsdl:port implements. The instanceParms specifies the port local name.</ns5:description><ns5:instanceDetails><ns5:instanceParms>SalesforceAuthentication_port</ns5:instanceParms></ns5:instanceDetails></ns5:tModelInstanceInfo><ns5:tModelInstanceInfo tModelKey="uddi:2efde530-cd3d-3bf4-8035-f4eef7bdb6ee"><ns5:description>The wsdl:portType that this wsdl:port implements.</ns5:description></ns5:tModelInstanceInfo></ns5:tModelInstanceDetails><ns5:categoryBag><ns5:keyedReference keyName="WSDL type" keyValue="port" tModelKey="uddi:uddi.org:wsdl:types"/></ns5:categoryBag></ns5:bindingTemplate></ns5:bindingTemplates><ns5:categoryBag><ns5:keyedReference keyName="Staging" keyValue="Staging" tModelKey="uddi:soa.com:servicelifecyclestage"/><ns5:keyedReference keyName="WSDL type" keyValue="service" tModelKey="uddi:uddi.org:wsdl:types"/><ns5:keyedReference keyName="service namespace" keyValue="https://login.salesforce.com/services/oauth2" tModelKey="uddi:uddi.org:xml:namespace"/><ns5:keyedReference keyName="service local name" keyValue="SalesforceAuthentication" tModelKey="uddi:uddi.org:xml:localname"/><ns5:keyedReference keyName="1.0" keyValue="723e2f8b-4ae0-4d11-a54f-45ee89bbb07e" tModelKey="uddi:soa.com:serviceversion"/><ns5:keyedReferenceGroup tModelKey="uddi:soa.com:service:group"/></ns5:categoryBag></ns5:businessService><ns2:ExportServiceEndpoint><ns8:ServiceEndpoint><ns8:ServiceKey>uddi:7419dd65-6e92-11e4-8fed-dad2b3c7c30a</ns8:ServiceKey><ns8:Name>uddi:744e81fc-6e92-11e4-8fed-dad2b3c7c30a</ns8:Name><ns8:Url>https://login.salesforce.com/services/oauth2</ns8:Url><ns8:BindingQName>{https://login.salesforce.com/services/oauth2}SalesforceAuthentication_Binding</ns8:BindingQName><ns8:PortName>SalesforceAuthentication_port</ns8:PortName><ns8:Protocol>https</ns8:Protocol></ns8:ServiceEndpoint><ns2:EndpointWsdlUri>wsdls/uddi_744e81fc-6e92-11e4-8fed-dad2b3c7c30a.wsdl</ns2:EndpointWsdlUri></ns2:ExportServiceEndpoint></ns2:ExportService></ns2:ExportObjectConfiguration><ns2:ExportObjectConfiguration><ns1:ContractKey><ns1:Key>85592b8b-e6ff-11e4-94bf-b0d1b8a1a875</ns1:Key></ns1:ContractKey><ns2:ExportContract><ns13:Contract><ns13:ContractInfo Anonymous="true" Key="85592b8b-e6ff-11e4-94bf-b0d1b8a1a875:1021" Name="Anonymous" State="Active"><ns13:Description></ns13:Description><ns13:ProviderOrganizationKey>uddi:d456e649-e6f8-11e4-94bf-b0d1b8a1a875</ns13:ProviderOrganizationKey><ns1:EffectiveDateTimes><ns1:StartDateTime><ns1:DateTime>2015-04-20T01:49:00Z</ns1:DateTime><ns1:TimezoneName>UTC</ns1:TimezoneName></ns1:StartDateTime><ns1:EndDateTime><ns1:DateTime>2016-04-19T01:49:00Z</ns1:DateTime><ns1:TimezoneName>UTC</ns1:TimezoneName></ns1:EndDateTime><ns1:Expire>false</ns1:Expire></ns1:EffectiveDateTimes><ns13:ContractVersionInfo><ns13:LastModifiedTimestamp>2015-04-20Z</ns13:LastModifiedTimestamp><ns13:User>Local Domain\administrator</ns13:User><ns13:MetadataVersion>1</ns13:MetadataVersion><ns13:ActiveMetadataVersion>1</ns13:ActiveMetadataVersion></ns13:ContractVersionInfo><ns13:ContractType>service.contract</ns13:ContractType></ns13:ContractInfo><ns13:ContractScope><ns1:OrganizationKey>uddi:d456e649-e6f8-11e4-94bf-b0d1b8a1a875</ns1:OrganizationKey></ns13:ContractScope></ns13:Contract></ns2:ExportContract></ns2:ExportObjectConfiguration><ns2:ExportObjectConfiguration><ns1:IdentityKey><ns1:Key>Local Domain\1jgc+hDCChd36xzZlKL+xg==</ns1:Key><ns1:DomainName>Local Domain</ns1:DomainName><ns1:UserName>1jgc+hDCChd36xzZlKL+xg==</ns1:UserName></ns1:IdentityKey><ns2:ExportUserIdentity><ns14:User DomainName="Local Domain" UserName="1jgc+hDCChd36xzZlKL+xg=="><ns14:FullName>Service: uddi:6fc3b770-e6f9-11e4-94bf-b0d1b8a1a875</ns14:FullName><ns14:IdentityKey>urn:uuid:6fc6c4b1-e6f9-11e4-94bf-b0d1b8a1a875</ns14:IdentityKey><ns14:Password>jUjgqJTS0EBanJGbLFLAQiuLdp5OFyvZIisc6HxzNY7QuBxDKCtpMb7ke+0RRT21m38tasabFVB3zNguchwCgA==</ns14:Password><ns14:Disabled>false</ns14:Disabled><ns14:ForcePwdResetOnNextLogin>false</ns14:ForcePwdResetOnNextLogin><ns14:Expired>false</ns14:Expired><ns14:ReadOnly>true</ns14:ReadOnly><ns14:PasswordFrmSeed>0</ns14:PasswordFrmSeed><ns14:OrganizationKey>uddi:soa.com:registryorganization</ns14:OrganizationKey><ns14:PasswordSalt>eNac4f5TW7+iAVAc7nJ95lS1qOnMTRMCDyYmknjJndVqFbnRqzAUXhEZIHGFxiSolyQu9dLhFfPpOXdh/Odfkw==</ns14:PasswordSalt></ns14:User><ns2:PKIGenerated>true</ns2:PKIGenerated></ns2:ExportUserIdentity></ns2:ExportObjectConfiguration><ns2:ExportObjectConfiguration><ns1:IdentityKey><ns1:Key>Local Domain\MK9x2A9gzkcd95RWxVMerg==</ns1:Key><ns1:DomainName>Local Domain</ns1:DomainName><ns1:UserName>MK9x2A9gzkcd95RWxVMerg==</ns1:UserName></ns1:IdentityKey><ns2:ExportUserIdentity><ns14:User DomainName="Local Domain" UserName="MK9x2A9gzkcd95RWxVMerg=="><ns14:FullName>Service: uddi:25734f6f-71c4-11e4-b9af-fdd44115e303</ns14:FullName><ns14:IdentityKey>urn:uuid:b37dd8f1-dcc3-11e4-bea5-dbead20d92c4</ns14:IdentityKey><ns14:Password>AQWY360Wls/umfX/d2Gpl4yP13GpbR0DjD7wd5XZE5PXl3BICiAtSdf1oL4xyIhD3TVGbj859PEbhQOqQ+k+Vg==</ns14:Password><ns14:Disabled>false</ns14:Disabled><ns14:ForcePwdResetOnNextLogin>false</ns14:ForcePwdResetOnNextLogin><ns14:Expired>false</ns14:Expired><ns14:ReadOnly>true</ns14:ReadOnly><ns14:PasswordFrmSeed>0</ns14:PasswordFrmSeed><ns14:OrganizationKey>uddi:soa.com:registryorganization</ns14:OrganizationKey><ns14:PasswordSalt>Q1Op5y/qiyoEyJpC3s/gj+fUoxg0/k3W8MryJizti63+JO50y1+76ZqmyFFtfsJ/Cwzguewf2y1wuWtXJsO1lA==</ns14:PasswordSalt></ns14:User><ns2:PKIGenerated>true</ns2:PKIGenerated></ns2:ExportUserIdentity></ns2:ExportObjectConfiguration><ns2:ExportObjectConfiguration><ns1:IdentityKey><ns1:Key>Local Domain\rkKAEF+qxn682ZnwahqEew==</ns1:Key><ns1:DomainName>Local Domain</ns1:DomainName><ns1:UserName>rkKAEF+qxn682ZnwahqEew==</ns1:UserName></ns1:IdentityKey><ns2:ExportUserIdentity><ns14:User DomainName="Local Domain" UserName="rkKAEF+qxn682ZnwahqEew=="><ns14:FullName>Service: uddi:7419dd65-6e92-11e4-8fed-dad2b3c7c30a</ns14:FullName><ns14:IdentityKey>urn:uuid:b42da110-dcc3-11e4-bea5-dbead20d92c4</ns14:IdentityKey><ns14:Password>KlBV6ZUDnmblxEKn6d3p+HnAIV23SEJIo5qb4AYSZpB+uWFdyNvR58N8v5v8nqx8TdsQN9TwrNiUvEcSlVFW7A==</ns14:Password><ns14:Disabled>false</ns14:Disabled><ns14:ForcePwdResetOnNextLogin>false</ns14:ForcePwdResetOnNextLogin><ns14:Expired>false</ns14:Expired><ns14:ReadOnly>true</ns14:ReadOnly><ns14:PasswordFrmSeed>0</ns14:PasswordFrmSeed><ns14:OrganizationKey>uddi:soa.com:registryorganization</ns14:OrganizationKey><ns14:PasswordSalt>5hr0BNOPW2YQlCE1hmp12e0E8JNWflpUP0XbfX+UUJ/lld2GUvrfRlXG+B/ZqfBAogx40NI17EJ10u4TvsY/RQ==</ns14:PasswordSalt></ns14:User><ns2:PKIGenerated>true</ns2:PKIGenerated></ns2:ExportUserIdentity></ns2:ExportObjectConfiguration><ns2:ExportObjectConfiguration><ns1:IdentityKey><ns1:Key>Local Domain\ZDuol5M3fNkpaT9Ye+Q33w==</ns1:Key><ns1:DomainName>Local Domain</ns1:DomainName><ns1:UserName>ZDuol5M3fNkpaT9Ye+Q33w==</ns1:UserName></ns1:IdentityKey><ns2:ExportUserIdentity><ns14:User DomainName="Local Domain" UserName="ZDuol5M3fNkpaT9Ye+Q33w=="><ns14:FullName>Service: uddi:e7fcd857-e6f9-11e4-94bf-b0d1b8a1a875</ns14:FullName><ns14:IdentityKey>urn:uuid:e7ffbe88-e6f9-11e4-94bf-b0d1b8a1a875</ns14:IdentityKey><ns14:Password>tRoZhSeW+ScCgULsz1+EIh6u91uOg/pbsXdvBe28HYI6nSf+Cf6OD+xmNlGsn8WOGJ+xANBPOEASKJImr/3A9g==</ns14:Password><ns14:Disabled>false</ns14:Disabled><ns14:ForcePwdResetOnNextLogin>false</ns14:ForcePwdResetOnNextLogin><ns14:Expired>false</ns14:Expired><ns14:ReadOnly>true</ns14:ReadOnly><ns14:PasswordFrmSeed>0</ns14:PasswordFrmSeed><ns14:OrganizationKey>uddi:soa.com:registryorganization</ns14:OrganizationKey><ns14:PasswordSalt>7FLkKjuyg/YMMpD9AiyMXe7YzlhIhffgTbtokIEk+2AS5eNRHzWxPqNj4a49YRaHACv4XsrUxsnEXxai17Ky2Q==</ns14:PasswordSalt></ns14:User><ns2:PKIGenerated>true</ns2:PKIGenerated></ns2:ExportUserIdentity></ns2:ExportObjectConfiguration></ns2:ExportConfiguration>