<?xml version="1.0" encoding="UTF-8"?>
<DepedendencyGraph version="1.1"><Nodes><Node type="urn:com:soa:ObjectKey"><ObjectKey class="com.soa.service.model.ServiceKey">uddi:6fc3b770-e6f9-11e4-94bf-b0d1b8a1a875</ObjectKey><property class="java.lang.String" name="_NAME_" type="urn:com:soa:SimpleProperty">SalesforceV20_API_vs0</property></Node><Node type="urn:com:soa:ObjectKey"><ObjectKey class="com.soa.service.operation.model.OperationKey">7013d34b-e6f9-11e4-94bf-b0d1b8a1a875</ObjectKey></Node><Node type="urn:com:soa:ObjectKey"><ObjectKey class="com.soa.service.endpoint.EndpointKey">uddi:e896f57f-e6f9-11e4-94bf-b0d1b8a1a875</ObjectKey></Node><Node type="urn:com:soa:ObjectKey"><ObjectKey class="com.soa.service.endpoint.EndpointKey">uddi:70aeb3ca-e6f9-11e4-94bf-b0d1b8a1a875</ObjectKey></Node><Node type="urn:com:soa:ObjectKey"><ObjectKey class="com.soa.service.operation.model.OperationKey">e84ca60b-e6f9-11e4-94bf-b0d1b8a1a875</ObjectKey></Node><Node type="urn:com:soa:ObjectKey"><ObjectKey class="com.soa.service.model.ServiceKey">uddi:e7fcd857-e6f9-11e4-94bf-b0d1b8a1a875</ObjectKey><property class="java.lang.String" name="_NAME_" type="urn:com:soa:SimpleProperty">SalesforceAuthentication_vs0</property></Node><Node type="urn:com:soa:ObjectKey"><ObjectKey class="com.soa.service.operation.model.OperationKey">b3cedf2c-dcc3-11e4-bea5-dbead20d92c4</ObjectKey></Node><Node type="urn:com:soa:ObjectKey"><ObjectKey class="com.soa.service.operation.model.OperationKey">b46c7ed3-dcc3-11e4-bea5-dbead20d92c4</ObjectKey></Node><Node type="urn:com:soa:ObjectKey"><ObjectKey class="com.soa.service.operation.model.OperationKey">b3d0daff-dcc3-11e4-bea5-dbead20d92c4</ObjectKey></Node><Node type="urn:com:soa:ObjectKey"><ObjectKey class="com.soa.service.model.ServiceKey">uddi:25734f6f-71c4-11e4-b9af-fdd44115e303</ObjectKey><property class="java.lang.String" name="_NAME_" type="urn:com:soa:SimpleProperty">SalesforceV20_API</property></Node><Node type="urn:com:soa:ObjectKey"><ObjectKey class="com.soa.service.operation.model.BindingOperationQualifiedKey">{https://na4.salesforce.com/services/data/v20.0/}SalesforceV20_API$$${https://na4.salesforce.com/services/data/v20.0/}SalesforceV20_API_Binding$$$POST__sobjects_Lead</ObjectKey></Node><Node type="urn:com:soa:ObjectKey"><ObjectKey class="com.soa.service.operation.model.OperationKey">b3cb83c5-dcc3-11e4-bea5-dbead20d92c4</ObjectKey></Node><Node type="urn:com:soa:ObjectKey"><ObjectKey class="com.soa.bpel.BpelKey">bpel:81464abd-e6f9-11e4-94bf-b0d1b8a1a875</ObjectKey></Node><Node type="urn:com:soa:ObjectKey"><ObjectKey class="com.soa.svccontainer.ContainerKey">283b5d7c-b1dc-456d-ad3d-98cb1fc5</ObjectKey><property class="java.lang.String" name="_NAME_" type="urn:com:soa:SimpleProperty">nd</property></Node><Node type="urn:com:soa:ObjectKey"><ObjectKey class="com.soa.service.operation.model.BindingOperationQualifiedKey">{https://na4.salesforce.com/services/data/v20.0/}SalesforceV20_API_vs0$$${https://na4.salesforce.com/services/data/v20.0/}SalesforceV20_API_Binding$$$POST__sobjects_Account</ObjectKey></Node><Node type="urn:com:soa:ObjectKey"><ObjectKey class="com.soa.service.operation.model.BindingOperationQualifiedKey">{https://login.salesforce.com/services/oauth2}SalesforceAuthentication$$${https://login.salesforce.com/services/oauth2}SalesforceAuthentication_Binding$$$POST__token</ObjectKey></Node><Node type="urn:com:soa:ObjectKey"><ObjectKey class="com.soa.security.util.QualifiedUserName">Local Domain\1jgc+hDCChd36xzZlKL+xg==</ObjectKey></Node><Node type="urn:com:soa:ObjectKey"><ObjectKey class="com.soa.service.operation.model.BindingOperationQualifiedKey">{https://na4.salesforce.com/services/data/v20.0/}SalesforceV20_API_vs0$$${https://na4.salesforce.com/services/data/v20.0/}SalesforceV20_API_Binding$$$GET__sobjects_Lead__id_</ObjectKey></Node><Node type="urn:com:soa:ObjectKey"><ObjectKey class="com.soa.bpel.BpelKey">bpel:81377dac-e6f9-11e4-94bf-b0d1b8a1a875</ObjectKey></Node><Node type="urn:com:soa:ObjectKey"><ObjectKey class="com.soa.wsdl.model.impl.WsdlInterfaceImpl">uddi:2efde530-cd3d-3bf4-8035-f4eef7bdb6ee</ObjectKey><property class="java.lang.String" name="_NAME_" type="urn:com:soa:SimpleProperty">{https://login.salesforce.com/services/oauth2}SalesforceAuthentication_PortType</property></Node><Node type="urn:com:soa:ObjectKey"><ObjectKey class="com.soa.service.operation.model.OperationKey">b3cc6e27-dcc3-11e4-bea5-dbead20d92c4</ObjectKey></Node><Node type="urn:com:soa:ObjectKey"><ObjectKey class="com.soa.wsdl.model.impl.WsdlInterfaceImpl">uddi:92a520cb-7787-53fd-1cc4-815a6d572734</ObjectKey><property class="java.lang.String" name="_NAME_" type="urn:com:soa:SimpleProperty">{https://na4.salesforce.com/services/data/v20.0/}SalesforceV20_API_PortType</property></Node><Node type="urn:com:soa:ObjectKey"><ObjectKey class="com.soa.wsdl.model.impl.WsdlBindingImpl">uddi:10cecae7-8cef-20d3-cd83-ecf77402aa6c</ObjectKey><property class="java.lang.String" name="_NAME_" type="urn:com:soa:SimpleProperty">{https://na4.salesforce.com/services/data/v20.0/}SalesforceV20_API_Binding</property></Node><Node type="urn:com:soa:ObjectKey"><ObjectKey class="com.soa.wsdl.model.impl.WsdlBindingImpl">uddi:69eb6109-5a11-7127-04a4-f1f28b7ecf04</ObjectKey><property class="java.lang.String" name="_NAME_" type="urn:com:soa:SimpleProperty">{https://login.salesforce.com/services/oauth2}SalesforceAuthentication_Binding</property></Node><Node type="urn:com:soa:ObjectKey"><ObjectKey class="com.soa.service.operation.model.OperationKey">700b95e4-e6f9-11e4-94bf-b0d1b8a1a875</ObjectKey></Node><Node type="urn:com:soa:ObjectKey"><ObjectKey class="com.soa.service.endpoint.EndpointKey">uddi:25983ca4-71c4-11e4-b9af-fdd44115e303</ObjectKey></Node><Node type="urn:com:soa:ObjectKey"><ObjectKey class="com.soa.service.model.ServiceKey">uddi:7419dd65-6e92-11e4-8fed-dad2b3c7c30a</ObjectKey><property class="java.lang.String" name="_NAME_" type="urn:com:soa:SimpleProperty">SalesforceAuthentication</property></Node><Node type="urn:com:soa:ObjectKey"><ObjectKey class="com.soa.service.endpoint.EndpointKey">uddi:744e81fc-6e92-11e4-8fed-dad2b3c7c30a</ObjectKey></Node><Node type="urn:com:soa:ObjectKey"><ObjectKey class="com.soa.contracts.ContractKey">85592b8b-e6ff-11e4-94bf-b0d1b8a1a875:1021</ObjectKey><property class="java.lang.String" name="_NAME_" type="urn:com:soa:SimpleProperty">Anonymous</property></Node><Node type="urn:com:soa:ObjectKey"><ObjectKey class="com.soa.service.operation.model.BindingOperationQualifiedKey">{https://na4.salesforce.com/services/data/v20.0/}SalesforceV20_API$$${https://na4.salesforce.com/services/data/v20.0/}SalesforceV20_API_Binding$$$GET__sobjects_Lead__id_</ObjectKey></Node><Node type="urn:com:soa:ObjectKey"><ObjectKey class="com.soa.service.operation.model.OperationKey">7010ed19-e6f9-11e4-94bf-b0d1b8a1a875</ObjectKey></Node><Node type="urn:com:soa:ObjectKey"><ObjectKey class="com.soa.service.operation.model.OperationKey">700e7c16-e6f9-11e4-94bf-b0d1b8a1a875</ObjectKey></Node><Node type="urn:com:soa:ObjectKey"><ObjectKey class="com.soa.service.operation.model.BindingOperationQualifiedKey">{https://na4.salesforce.com/services/data/v20.0/}SalesforceV20_API$$${https://na4.salesforce.com/services/data/v20.0/}SalesforceV20_API_Binding$$$POST__sobjects_Account</ObjectKey></Node><Node type="urn:com:soa:ObjectKey"><ObjectKey class="com.soa.service.operation.model.BindingOperationQualifiedKey">{https://na4.salesforce.com/services/data/v20.0/}SalesforceV20_API_vs0$$${https://na4.salesforce.com/services/data/v20.0/}SalesforceV20_API_Binding$$$GET__sobjects_Account__id_</ObjectKey></Node><Node type="urn:com:soa:ObjectKey"><ObjectKey class="com.soa.service.operation.model.BindingOperationQualifiedKey">{https://na4.salesforce.com/services/data/v20.0/}SalesforceV20_API$$${https://na4.salesforce.com/services/data/v20.0/}SalesforceV20_API_Binding$$$GET__sobjects_Account__id_</ObjectKey></Node><Node type="urn:com:soa:ObjectKey"><ObjectKey class="com.soa.bpel.BpelKey">bpel:fa8c6ebc-e6f9-11e4-94bf-b0d1b8a1a875</ObjectKey></Node><Node type="urn:com:soa:ObjectKey"><ObjectKey class="com.soa.bpel.BpelKey">bpel:811a31aa-e6f9-11e4-94bf-b0d1b8a1a875</ObjectKey></Node><Node type="urn:com:soa:ObjectKey"><ObjectKey class="com.soa.security.util.QualifiedUserName">Local Domain\MK9x2A9gzkcd95RWxVMerg==</ObjectKey></Node><Node type="urn:com:soa:ObjectKey"><ObjectKey class="com.soa.service.operation.model.BindingOperationQualifiedKey">{https://na4.salesforce.com/services/data/v20.0/}SalesforceV20_API_vs0$$${https://na4.salesforce.com/services/data/v20.0/}SalesforceV20_API_Binding$$$GET__query</ObjectKey></Node><Node type="urn:com:soa:ObjectKey"><ObjectKey class="com.soa.bpel.BpelKey">bpel:8154065e-e6f9-11e4-94bf-b0d1b8a1a875</ObjectKey></Node><Node type="urn:com:soa:ObjectKey"><ObjectKey class="com.soa.service.operation.model.BindingOperationQualifiedKey">{https://na4.salesforce.com/services/data/v20.0/}SalesforceV20_API$$${https://na4.salesforce.com/services/data/v20.0/}SalesforceV20_API_Binding$$$GET__query</ObjectKey></Node><Node type="urn:com:soa:ObjectKey"><ObjectKey class="com.soa.bpel.BpelKey">bpel:8129c20b-e6f9-11e4-94bf-b0d1b8a1a875</ObjectKey></Node><Node type="urn:com:soa:ObjectKey"><ObjectKey class="com.soa.security.util.QualifiedUserName">Local Domain\rkKAEF+qxn682ZnwahqEew==</ObjectKey></Node><Node type="urn:com:soa:ObjectKey"><ObjectKey class="com.soa.security.util.QualifiedUserName">Local Domain\ZDuol5M3fNkpaT9Ye+Q33w==</ObjectKey></Node><Node type="urn:com:soa:ObjectKey"><ObjectKey class="com.soa.service.operation.model.OperationKey">b3ce69fa-dcc3-11e4-bea5-dbead20d92c4</ObjectKey></Node><Node type="urn:com:soa:ObjectKey"><ObjectKey class="com.soa.service.operation.model.BindingOperationQualifiedKey">{https://na4.salesforce.com/services/data/v20.0/}SalesforceV20_API_vs0$$${https://na4.salesforce.com/services/data/v20.0/}SalesforceV20_API_Binding$$$POST__sobjects_Lead</ObjectKey></Node><Node type="urn:com:soa:ObjectKey"><ObjectKey class="com.soa.service.operation.model.BindingOperationQualifiedKey">{https://login.salesforce.com/services/oauth2}SalesforceAuthentication_vs0$$${https://login.salesforce.com/services/oauth2}SalesforceAuthentication_Binding$$$POST__token</ObjectKey></Node><Node type="urn:com:soa:ObjectKey"><ObjectKey class="com.soa.organization.model.OrganizationKey">uddi:d456e649-e6f8-11e4-94bf-b0d1b8a1a875</ObjectKey><property class="java.lang.String" name="_NAME_" type="urn:com:soa:SimpleProperty">SalesForce API Hook</property></Node><Node type="urn:com:soa:ObjectKey"><ObjectKey class="com.soa.service.operation.model.OperationKey">7014e4be-e6f9-11e4-94bf-b0d1b8a1a875</ObjectKey></Node></Nodes><Links><Link type="operation->service:parent"><From><Node type="urn:com:soa:ObjectKey"><ObjectKey class="com.soa.service.operation.model.OperationKey">b3cedf2c-dcc3-11e4-bea5-dbead20d92c4</ObjectKey></Node></From><To><Node type="urn:com:soa:ObjectKey"><ObjectKey class="com.soa.service.model.ServiceKey">uddi:25734f6f-71c4-11e4-b9af-fdd44115e303</ObjectKey></Node></To></Link><Link type="binding->service:implements"><From><Node type="urn:com:soa:ObjectKey"><ObjectKey class="com.soa.wsdl.model.impl.WsdlBindingImpl">uddi:69eb6109-5a11-7127-04a4-f1f28b7ecf04</ObjectKey></Node></From><To><Node type="urn:com:soa:ObjectKey"><ObjectKey class="com.soa.service.model.ServiceKey">uddi:7419dd65-6e92-11e4-8fed-dad2b3c7c30a</ObjectKey></Node></To></Link><Link type="identity->service:ReferredBy"><From><Node type="urn:com:soa:ObjectKey"><ObjectKey class="com.soa.security.util.QualifiedUserName">Local Domain\rkKAEF+qxn682ZnwahqEew==</ObjectKey></Node></From><To><Node type="urn:com:soa:ObjectKey"><ObjectKey class="com.soa.service.model.ServiceKey">uddi:7419dd65-6e92-11e4-8fed-dad2b3c7c30a</ObjectKey></Node></To></Link><Link type="service->bndoperation:child"><From><Node type="urn:com:soa:ObjectKey"><ObjectKey class="com.soa.service.model.ServiceKey">uddi:6fc3b770-e6f9-11e4-94bf-b0d1b8a1a875</ObjectKey></Node></From><To><Node type="urn:com:soa:ObjectKey"><ObjectKey class="com.soa.service.operation.model.BindingOperationQualifiedKey">{https://na4.salesforce.com/services/data/v20.0/}SalesforceV20_API_vs0$$${https://na4.salesforce.com/services/data/v20.0/}SalesforceV20_API_Binding$$$POST__sobjects_Account</ObjectKey></Node></To></Link><Link type="service->operation:child"><From><Node type="urn:com:soa:ObjectKey"><ObjectKey class="com.soa.service.model.ServiceKey">uddi:6fc3b770-e6f9-11e4-94bf-b0d1b8a1a875</ObjectKey></Node></From><To><Node type="urn:com:soa:ObjectKey"><ObjectKey class="com.soa.service.operation.model.OperationKey">7014e4be-e6f9-11e4-94bf-b0d1b8a1a875</ObjectKey></Node></To></Link><Link type="service->bndoperation:child"><From><Node type="urn:com:soa:ObjectKey"><ObjectKey class="com.soa.service.model.ServiceKey">uddi:6fc3b770-e6f9-11e4-94bf-b0d1b8a1a875</ObjectKey></Node></From><To><Node type="urn:com:soa:ObjectKey"><ObjectKey class="com.soa.service.operation.model.BindingOperationQualifiedKey">{https://na4.salesforce.com/services/data/v20.0/}SalesforceV20_API_vs0$$${https://na4.salesforce.com/services/data/v20.0/}SalesforceV20_API_Binding$$$GET__sobjects_Lead__id_</ObjectKey></Node></To></Link><Link type="identity->service:ReferredBy"><From><Node type="urn:com:soa:ObjectKey"><ObjectKey class="com.soa.security.util.QualifiedUserName">Local Domain\MK9x2A9gzkcd95RWxVMerg==</ObjectKey></Node></From><To><Node type="urn:com:soa:ObjectKey"><ObjectKey class="com.soa.service.model.ServiceKey">uddi:25734f6f-71c4-11e4-b9af-fdd44115e303</ObjectKey></Node></To></Link><Link type="service->bndoperation:child"><From><Node type="urn:com:soa:ObjectKey"><ObjectKey class="com.soa.service.model.ServiceKey">uddi:25734f6f-71c4-11e4-b9af-fdd44115e303</ObjectKey></Node></From><To><Node type="urn:com:soa:ObjectKey"><ObjectKey class="com.soa.service.operation.model.BindingOperationQualifiedKey">{https://na4.salesforce.com/services/data/v20.0/}SalesforceV20_API$$${https://na4.salesforce.com/services/data/v20.0/}SalesforceV20_API_Binding$$$GET__sobjects_Lead__id_</ObjectKey></Node></To></Link><Link type="bndoperation->service:parent"><From><Node type="urn:com:soa:ObjectKey"><ObjectKey class="com.soa.service.operation.model.BindingOperationQualifiedKey">{https://na4.salesforce.com/services/data/v20.0/}SalesforceV20_API$$${https://na4.salesforce.com/services/data/v20.0/}SalesforceV20_API_Binding$$$GET__sobjects_Lead__id_</ObjectKey></Node></From><To><Node type="urn:com:soa:ObjectKey"><ObjectKey class="com.soa.service.model.ServiceKey">uddi:25734f6f-71c4-11e4-b9af-fdd44115e303</ObjectKey></Node></To></Link><Link type="service->org:parent"><From><Node type="urn:com:soa:ObjectKey"><ObjectKey class="com.soa.service.model.ServiceKey">uddi:6fc3b770-e6f9-11e4-94bf-b0d1b8a1a875</ObjectKey></Node></From><To><Node type="urn:com:soa:ObjectKey"><ObjectKey class="com.soa.organization.model.OrganizationKey">uddi:d456e649-e6f8-11e4-94bf-b0d1b8a1a875</ObjectKey></Node></To></Link><Link type="service->binding:ImplementedBy"><From><Node type="urn:com:soa:ObjectKey"><ObjectKey class="com.soa.service.model.ServiceKey">uddi:6fc3b770-e6f9-11e4-94bf-b0d1b8a1a875</ObjectKey></Node></From><To><Node type="urn:com:soa:ObjectKey"><ObjectKey class="com.soa.wsdl.model.impl.WsdlBindingImpl">uddi:10cecae7-8cef-20d3-cd83-ecf77402aa6c</ObjectKey></Node></To></Link><Link type="service->endpoint:child"><From><Node type="urn:com:soa:ObjectKey"><ObjectKey class="com.soa.service.model.ServiceKey">uddi:25734f6f-71c4-11e4-b9af-fdd44115e303</ObjectKey></Node></From><To><Node type="urn:com:soa:ObjectKey"><ObjectKey class="com.soa.service.endpoint.EndpointKey">uddi:25983ca4-71c4-11e4-b9af-fdd44115e303</ObjectKey></Node></To></Link><Link type="bndoperation->service:parent"><From><Node type="urn:com:soa:ObjectKey"><ObjectKey class="com.soa.service.operation.model.BindingOperationQualifiedKey">{https://na4.salesforce.com/services/data/v20.0/}SalesforceV20_API_vs0$$${https://na4.salesforce.com/services/data/v20.0/}SalesforceV20_API_Binding$$$GET__sobjects_Lead__id_</ObjectKey></Node></From><To><Node type="urn:com:soa:ObjectKey"><ObjectKey class="com.soa.service.model.ServiceKey">uddi:6fc3b770-e6f9-11e4-94bf-b0d1b8a1a875</ObjectKey></Node></To></Link><Link type="operation->service:parent"><From><Node type="urn:com:soa:ObjectKey"><ObjectKey class="com.soa.service.operation.model.OperationKey">7013d34b-e6f9-11e4-94bf-b0d1b8a1a875</ObjectKey></Node></From><To><Node type="urn:com:soa:ObjectKey"><ObjectKey class="com.soa.service.model.ServiceKey">uddi:6fc3b770-e6f9-11e4-94bf-b0d1b8a1a875</ObjectKey></Node></To></Link><Link type="service->interface:ImplementedBy"><From><Node type="urn:com:soa:ObjectKey"><ObjectKey class="com.soa.service.model.ServiceKey">uddi:6fc3b770-e6f9-11e4-94bf-b0d1b8a1a875</ObjectKey></Node></From><To><Node type="urn:com:soa:ObjectKey"><ObjectKey class="com.soa.wsdl.model.impl.WsdlInterfaceImpl">uddi:92a520cb-7787-53fd-1cc4-815a6d572734</ObjectKey></Node></To></Link><Link type="bpel->virtualop:routedBy"><From><Node type="urn:com:soa:ObjectKey"><ObjectKey class="com.soa.bpel.BpelKey">bpel:811a31aa-e6f9-11e4-94bf-b0d1b8a1a875</ObjectKey></Node></From><To><Node type="urn:com:soa:ObjectKey"><ObjectKey class="com.soa.service.operation.model.OperationKey">700e7c16-e6f9-11e4-94bf-b0d1b8a1a875</ObjectKey></Node></To></Link><Link type="virtualop->bpel:route"><From><Node type="urn:com:soa:ObjectKey"><ObjectKey class="com.soa.service.operation.model.OperationKey">700e7c16-e6f9-11e4-94bf-b0d1b8a1a875</ObjectKey></Node></From><To><Node type="urn:com:soa:ObjectKey"><ObjectKey class="com.soa.bpel.BpelKey">bpel:811a31aa-e6f9-11e4-94bf-b0d1b8a1a875</ObjectKey></Node></To></Link><Link type="bndoperation->service:parent"><From><Node type="urn:com:soa:ObjectKey"><ObjectKey class="com.soa.service.operation.model.BindingOperationQualifiedKey">{https://na4.salesforce.com/services/data/v20.0/}SalesforceV20_API_vs0$$${https://na4.salesforce.com/services/data/v20.0/}SalesforceV20_API_Binding$$$POST__sobjects_Account</ObjectKey></Node></From><To><Node type="urn:com:soa:ObjectKey"><ObjectKey class="com.soa.service.model.ServiceKey">uddi:6fc3b770-e6f9-11e4-94bf-b0d1b8a1a875</ObjectKey></Node></To></Link><Link type="operation->service:parent"><From><Node type="urn:com:soa:ObjectKey"><ObjectKey class="com.soa.service.operation.model.OperationKey">7010ed19-e6f9-11e4-94bf-b0d1b8a1a875</ObjectKey></Node></From><To><Node type="urn:com:soa:ObjectKey"><ObjectKey class="com.soa.service.model.ServiceKey">uddi:6fc3b770-e6f9-11e4-94bf-b0d1b8a1a875</ObjectKey></Node></To></Link><Link type="service->bndoperation:child"><From><Node type="urn:com:soa:ObjectKey"><ObjectKey class="com.soa.service.model.ServiceKey">uddi:25734f6f-71c4-11e4-b9af-fdd44115e303</ObjectKey></Node></From><To><Node type="urn:com:soa:ObjectKey"><ObjectKey class="com.soa.service.operation.model.BindingOperationQualifiedKey">{https://na4.salesforce.com/services/data/v20.0/}SalesforceV20_API$$${https://na4.salesforce.com/services/data/v20.0/}SalesforceV20_API_Binding$$$POST__sobjects_Lead</ObjectKey></Node></To></Link><Link type="interface->binding:implements"><From><Node type="urn:com:soa:ObjectKey"><ObjectKey class="com.soa.wsdl.model.impl.WsdlInterfaceImpl">uddi:2efde530-cd3d-3bf4-8035-f4eef7bdb6ee</ObjectKey></Node></From><To><Node type="urn:com:soa:ObjectKey"><ObjectKey class="com.soa.wsdl.model.impl.WsdlBindingImpl">uddi:69eb6109-5a11-7127-04a4-f1f28b7ecf04</ObjectKey></Node></To></Link><Link type="binding->service:implements"><From><Node type="urn:com:soa:ObjectKey"><ObjectKey class="com.soa.wsdl.model.impl.WsdlBindingImpl">uddi:10cecae7-8cef-20d3-cd83-ecf77402aa6c</ObjectKey></Node></From><To><Node type="urn:com:soa:ObjectKey"><ObjectKey class="com.soa.service.model.ServiceKey">uddi:25734f6f-71c4-11e4-b9af-fdd44115e303</ObjectKey></Node></To></Link><Link type="interface->binding:implements"><From><Node type="urn:com:soa:ObjectKey"><ObjectKey class="com.soa.wsdl.model.impl.WsdlInterfaceImpl">uddi:92a520cb-7787-53fd-1cc4-815a6d572734</ObjectKey></Node></From><To><Node type="urn:com:soa:ObjectKey"><ObjectKey class="com.soa.wsdl.model.impl.WsdlBindingImpl">uddi:10cecae7-8cef-20d3-cd83-ecf77402aa6c</ObjectKey></Node></To></Link><Link type="operation->service:parent"><From><Node type="urn:com:soa:ObjectKey"><ObjectKey class="com.soa.service.operation.model.OperationKey">700b95e4-e6f9-11e4-94bf-b0d1b8a1a875</ObjectKey></Node></From><To><Node type="urn:com:soa:ObjectKey"><ObjectKey class="com.soa.service.model.ServiceKey">uddi:6fc3b770-e6f9-11e4-94bf-b0d1b8a1a875</ObjectKey></Node></To></Link><Link type="proxysvc->service:proxyFor"><From><Node type="urn:com:soa:ObjectKey"><ObjectKey class="com.soa.service.model.ServiceKey">uddi:e7fcd857-e6f9-11e4-94bf-b0d1b8a1a875</ObjectKey></Node></From><To><Node type="urn:com:soa:ObjectKey"><ObjectKey class="com.soa.service.model.ServiceKey">uddi:7419dd65-6e92-11e4-8fed-dad2b3c7c30a</ObjectKey></Node></To></Link><Link type="binding->service:implements"><From><Node type="urn:com:soa:ObjectKey"><ObjectKey class="com.soa.wsdl.model.impl.WsdlBindingImpl">uddi:69eb6109-5a11-7127-04a4-f1f28b7ecf04</ObjectKey></Node></From><To><Node type="urn:com:soa:ObjectKey"><ObjectKey class="com.soa.service.model.ServiceKey">uddi:e7fcd857-e6f9-11e4-94bf-b0d1b8a1a875</ObjectKey></Node></To></Link><Link type="bndoperation->service:parent"><From><Node type="urn:com:soa:ObjectKey"><ObjectKey class="com.soa.service.operation.model.BindingOperationQualifiedKey">{https://na4.salesforce.com/services/data/v20.0/}SalesforceV20_API$$${https://na4.salesforce.com/services/data/v20.0/}SalesforceV20_API_Binding$$$POST__sobjects_Lead</ObjectKey></Node></From><To><Node type="urn:com:soa:ObjectKey"><ObjectKey class="com.soa.service.model.ServiceKey">uddi:25734f6f-71c4-11e4-b9af-fdd44115e303</ObjectKey></Node></To></Link><Link type="service->endpoint:child"><From><Node type="urn:com:soa:ObjectKey"><ObjectKey class="com.soa.service.model.ServiceKey">uddi:6fc3b770-e6f9-11e4-94bf-b0d1b8a1a875</ObjectKey></Node></From><To><Node type="urn:com:soa:ObjectKey"><ObjectKey class="com.soa.service.endpoint.EndpointKey">uddi:70aeb3ca-e6f9-11e4-94bf-b0d1b8a1a875</ObjectKey></Node></To></Link><Link type="service->identity:refer"><From><Node type="urn:com:soa:ObjectKey"><ObjectKey class="com.soa.service.model.ServiceKey">uddi:e7fcd857-e6f9-11e4-94bf-b0d1b8a1a875</ObjectKey></Node></From><To><Node type="urn:com:soa:ObjectKey"><ObjectKey class="com.soa.security.util.QualifiedUserName">Local Domain\ZDuol5M3fNkpaT9Ye+Q33w==</ObjectKey></Node></To></Link><Link type="service->operation:child"><From><Node type="urn:com:soa:ObjectKey"><ObjectKey class="com.soa.service.model.ServiceKey">uddi:6fc3b770-e6f9-11e4-94bf-b0d1b8a1a875</ObjectKey></Node></From><To><Node type="urn:com:soa:ObjectKey"><ObjectKey class="com.soa.service.operation.model.OperationKey">700e7c16-e6f9-11e4-94bf-b0d1b8a1a875</ObjectKey></Node></To></Link><Link type="service->operation:child"><From><Node type="urn:com:soa:ObjectKey"><ObjectKey class="com.soa.service.model.ServiceKey">uddi:6fc3b770-e6f9-11e4-94bf-b0d1b8a1a875</ObjectKey></Node></From><To><Node type="urn:com:soa:ObjectKey"><ObjectKey class="com.soa.service.operation.model.OperationKey">7010ed19-e6f9-11e4-94bf-b0d1b8a1a875</ObjectKey></Node></To></Link><Link type="service->bndoperation:child"><From><Node type="urn:com:soa:ObjectKey"><ObjectKey class="com.soa.service.model.ServiceKey">uddi:e7fcd857-e6f9-11e4-94bf-b0d1b8a1a875</ObjectKey></Node></From><To><Node type="urn:com:soa:ObjectKey"><ObjectKey class="com.soa.service.operation.model.BindingOperationQualifiedKey">{https://login.salesforce.com/services/oauth2}SalesforceAuthentication_vs0$$${https://login.salesforce.com/services/oauth2}SalesforceAuthentication_Binding$$$POST__token</ObjectKey></Node></To></Link><Link type="interface->service:implements"><From><Node type="urn:com:soa:ObjectKey"><ObjectKey class="com.soa.wsdl.model.impl.WsdlInterfaceImpl">uddi:2efde530-cd3d-3bf4-8035-f4eef7bdb6ee</ObjectKey></Node></From><To><Node type="urn:com:soa:ObjectKey"><ObjectKey class="com.soa.service.model.ServiceKey">uddi:7419dd65-6e92-11e4-8fed-dad2b3c7c30a</ObjectKey></Node></To></Link><Link type="service->bndoperation:child"><From><Node type="urn:com:soa:ObjectKey"><ObjectKey class="com.soa.service.model.ServiceKey">uddi:6fc3b770-e6f9-11e4-94bf-b0d1b8a1a875</ObjectKey></Node></From><To><Node type="urn:com:soa:ObjectKey"><ObjectKey class="com.soa.service.operation.model.BindingOperationQualifiedKey">{https://na4.salesforce.com/services/data/v20.0/}SalesforceV20_API_vs0$$${https://na4.salesforce.com/services/data/v20.0/}SalesforceV20_API_Binding$$$POST__sobjects_Lead</ObjectKey></Node></To></Link><Link type="contract->org:ReferredBy"><From><Node type="urn:com:soa:ObjectKey"><ObjectKey class="com.soa.contracts.ContractKey">85592b8b-e6ff-11e4-94bf-b0d1b8a1a875:1021</ObjectKey></Node></From><To><Node type="urn:com:soa:ObjectKey"><ObjectKey class="com.soa.organization.model.OrganizationKey">uddi:d456e649-e6f8-11e4-94bf-b0d1b8a1a875</ObjectKey></Node></To></Link><Link type="service->operation:child"><From><Node type="urn:com:soa:ObjectKey"><ObjectKey class="com.soa.service.model.ServiceKey">uddi:6fc3b770-e6f9-11e4-94bf-b0d1b8a1a875</ObjectKey></Node></From><To><Node type="urn:com:soa:ObjectKey"><ObjectKey class="com.soa.service.operation.model.OperationKey">700b95e4-e6f9-11e4-94bf-b0d1b8a1a875</ObjectKey></Node></To></Link><Link type="endpoint->service:parent"><From><Node type="urn:com:soa:ObjectKey"><ObjectKey class="com.soa.service.endpoint.EndpointKey">uddi:25983ca4-71c4-11e4-b9af-fdd44115e303</ObjectKey></Node></From><To><Node type="urn:com:soa:ObjectKey"><ObjectKey class="com.soa.service.model.ServiceKey">uddi:25734f6f-71c4-11e4-b9af-fdd44115e303</ObjectKey></Node></To></Link><Link type="bndoperation->service:parent"><From><Node type="urn:com:soa:ObjectKey"><ObjectKey class="com.soa.service.operation.model.BindingOperationQualifiedKey">{https://na4.salesforce.com/services/data/v20.0/}SalesforceV20_API_vs0$$${https://na4.salesforce.com/services/data/v20.0/}SalesforceV20_API_Binding$$$POST__sobjects_Lead</ObjectKey></Node></From><To><Node type="urn:com:soa:ObjectKey"><ObjectKey class="com.soa.service.model.ServiceKey">uddi:6fc3b770-e6f9-11e4-94bf-b0d1b8a1a875</ObjectKey></Node></To></Link><Link type="service->container:Hosts"><From><Node type="urn:com:soa:ObjectKey"><ObjectKey class="com.soa.service.model.ServiceKey">uddi:e7fcd857-e6f9-11e4-94bf-b0d1b8a1a875</ObjectKey></Node></From><To><Node type="urn:com:soa:ObjectKey"><ObjectKey class="com.soa.svccontainer.ContainerKey">283b5d7c-b1dc-456d-ad3d-98cb1fc5</ObjectKey></Node></To></Link><Link type="bndoperation->service:parent"><From><Node type="urn:com:soa:ObjectKey"><ObjectKey class="com.soa.service.operation.model.BindingOperationQualifiedKey">{https://login.salesforce.com/services/oauth2}SalesforceAuthentication_vs0$$${https://login.salesforce.com/services/oauth2}SalesforceAuthentication_Binding$$$POST__token</ObjectKey></Node></From><To><Node type="urn:com:soa:ObjectKey"><ObjectKey class="com.soa.service.model.ServiceKey">uddi:e7fcd857-e6f9-11e4-94bf-b0d1b8a1a875</ObjectKey></Node></To></Link><Link type="bpel->virtualop:routedBy"><From><Node type="urn:com:soa:ObjectKey"><ObjectKey class="com.soa.bpel.BpelKey">bpel:fa8c6ebc-e6f9-11e4-94bf-b0d1b8a1a875</ObjectKey></Node></From><To><Node type="urn:com:soa:ObjectKey"><ObjectKey class="com.soa.service.operation.model.OperationKey">e84ca60b-e6f9-11e4-94bf-b0d1b8a1a875</ObjectKey></Node></To></Link><Link type="virtualop->bpel:route"><From><Node type="urn:com:soa:ObjectKey"><ObjectKey class="com.soa.service.operation.model.OperationKey">e84ca60b-e6f9-11e4-94bf-b0d1b8a1a875</ObjectKey></Node></From><To><Node type="urn:com:soa:ObjectKey"><ObjectKey class="com.soa.bpel.BpelKey">bpel:fa8c6ebc-e6f9-11e4-94bf-b0d1b8a1a875</ObjectKey></Node></To></Link><Link type="operation->service:parent"><From><Node type="urn:com:soa:ObjectKey"><ObjectKey class="com.soa.service.operation.model.OperationKey">700e7c16-e6f9-11e4-94bf-b0d1b8a1a875</ObjectKey></Node></From><To><Node type="urn:com:soa:ObjectKey"><ObjectKey class="com.soa.service.model.ServiceKey">uddi:6fc3b770-e6f9-11e4-94bf-b0d1b8a1a875</ObjectKey></Node></To></Link><Link type="org->service:child"><From><Node type="urn:com:soa:ObjectKey"><ObjectKey class="com.soa.organization.model.OrganizationKey">uddi:d456e649-e6f8-11e4-94bf-b0d1b8a1a875</ObjectKey></Node></From><To><Node type="urn:com:soa:ObjectKey"><ObjectKey class="com.soa.service.model.ServiceKey">uddi:7419dd65-6e92-11e4-8fed-dad2b3c7c30a</ObjectKey></Node></To></Link><Link type="service->bndoperation:child"><From><Node type="urn:com:soa:ObjectKey"><ObjectKey class="com.soa.service.model.ServiceKey">uddi:25734f6f-71c4-11e4-b9af-fdd44115e303</ObjectKey></Node></From><To><Node type="urn:com:soa:ObjectKey"><ObjectKey class="com.soa.service.operation.model.BindingOperationQualifiedKey">{https://na4.salesforce.com/services/data/v20.0/}SalesforceV20_API$$${https://na4.salesforce.com/services/data/v20.0/}SalesforceV20_API_Binding$$$GET__query</ObjectKey></Node></To></Link><Link type="service->operation:child"><From><Node type="urn:com:soa:ObjectKey"><ObjectKey class="com.soa.service.model.ServiceKey">uddi:25734f6f-71c4-11e4-b9af-fdd44115e303</ObjectKey></Node></From><To><Node type="urn:com:soa:ObjectKey"><ObjectKey class="com.soa.service.operation.model.OperationKey">b3cedf2c-dcc3-11e4-bea5-dbead20d92c4</ObjectKey></Node></To></Link><Link type="service->bndoperation:child"><From><Node type="urn:com:soa:ObjectKey"><ObjectKey class="com.soa.service.model.ServiceKey">uddi:6fc3b770-e6f9-11e4-94bf-b0d1b8a1a875</ObjectKey></Node></From><To><Node type="urn:com:soa:ObjectKey"><ObjectKey class="com.soa.service.operation.model.BindingOperationQualifiedKey">{https://na4.salesforce.com/services/data/v20.0/}SalesforceV20_API_vs0$$${https://na4.salesforce.com/services/data/v20.0/}SalesforceV20_API_Binding$$$GET__sobjects_Account__id_</ObjectKey></Node></To></Link><Link type="container->service:HostedBy"><From><Node type="urn:com:soa:ObjectKey"><ObjectKey class="com.soa.svccontainer.ContainerKey">283b5d7c-b1dc-456d-ad3d-98cb1fc5</ObjectKey></Node></From><To><Node type="urn:com:soa:ObjectKey"><ObjectKey class="com.soa.service.model.ServiceKey">uddi:e7fcd857-e6f9-11e4-94bf-b0d1b8a1a875</ObjectKey></Node></To></Link><Link type="interface->service:implements"><From><Node type="urn:com:soa:ObjectKey"><ObjectKey class="com.soa.wsdl.model.impl.WsdlInterfaceImpl">uddi:92a520cb-7787-53fd-1cc4-815a6d572734</ObjectKey></Node></From><To><Node type="urn:com:soa:ObjectKey"><ObjectKey class="com.soa.service.model.ServiceKey">uddi:25734f6f-71c4-11e4-b9af-fdd44115e303</ObjectKey></Node></To></Link><Link type="operation->service:parent"><From><Node type="urn:com:soa:ObjectKey"><ObjectKey class="com.soa.service.operation.model.OperationKey">7014e4be-e6f9-11e4-94bf-b0d1b8a1a875</ObjectKey></Node></From><To><Node type="urn:com:soa:ObjectKey"><ObjectKey class="com.soa.service.model.ServiceKey">uddi:6fc3b770-e6f9-11e4-94bf-b0d1b8a1a875</ObjectKey></Node></To></Link><Link type="org->service:child"><From><Node type="urn:com:soa:ObjectKey"><ObjectKey class="com.soa.organization.model.OrganizationKey">uddi:d456e649-e6f8-11e4-94bf-b0d1b8a1a875</ObjectKey></Node></From><To><Node type="urn:com:soa:ObjectKey"><ObjectKey class="com.soa.service.model.ServiceKey">uddi:e7fcd857-e6f9-11e4-94bf-b0d1b8a1a875</ObjectKey></Node></To></Link><Link type="org->service:child"><From><Node type="urn:com:soa:ObjectKey"><ObjectKey class="com.soa.organization.model.OrganizationKey">uddi:d456e649-e6f8-11e4-94bf-b0d1b8a1a875</ObjectKey></Node></From><To><Node type="urn:com:soa:ObjectKey"><ObjectKey class="com.soa.service.model.ServiceKey">uddi:25734f6f-71c4-11e4-b9af-fdd44115e303</ObjectKey></Node></To></Link><Link type="virtualop->bpel:route"><From><Node type="urn:com:soa:ObjectKey"><ObjectKey class="com.soa.service.operation.model.OperationKey">7010ed19-e6f9-11e4-94bf-b0d1b8a1a875</ObjectKey></Node></From><To><Node type="urn:com:soa:ObjectKey"><ObjectKey class="com.soa.bpel.BpelKey">bpel:8154065e-e6f9-11e4-94bf-b0d1b8a1a875</ObjectKey></Node></To></Link><Link type="endpoint->service:parent"><From><Node type="urn:com:soa:ObjectKey"><ObjectKey class="com.soa.service.endpoint.EndpointKey">uddi:70aeb3ca-e6f9-11e4-94bf-b0d1b8a1a875</ObjectKey></Node></From><To><Node type="urn:com:soa:ObjectKey"><ObjectKey class="com.soa.service.model.ServiceKey">uddi:6fc3b770-e6f9-11e4-94bf-b0d1b8a1a875</ObjectKey></Node></To></Link><Link type="service->identity:refer"><From><Node type="urn:com:soa:ObjectKey"><ObjectKey class="com.soa.service.model.ServiceKey">uddi:6fc3b770-e6f9-11e4-94bf-b0d1b8a1a875</ObjectKey></Node></From><To><Node type="urn:com:soa:ObjectKey"><ObjectKey class="com.soa.security.util.QualifiedUserName">Local Domain\1jgc+hDCChd36xzZlKL+xg==</ObjectKey></Node></To></Link><Link type="bpel->virtualop:routedBy"><From><Node type="urn:com:soa:ObjectKey"><ObjectKey class="com.soa.bpel.BpelKey">bpel:8154065e-e6f9-11e4-94bf-b0d1b8a1a875</ObjectKey></Node></From><To><Node type="urn:com:soa:ObjectKey"><ObjectKey class="com.soa.service.operation.model.OperationKey">7010ed19-e6f9-11e4-94bf-b0d1b8a1a875</ObjectKey></Node></To></Link><Link type="service->operation:child"><From><Node type="urn:com:soa:ObjectKey"><ObjectKey class="com.soa.service.model.ServiceKey">uddi:6fc3b770-e6f9-11e4-94bf-b0d1b8a1a875</ObjectKey></Node></From><To><Node type="urn:com:soa:ObjectKey"><ObjectKey class="com.soa.service.operation.model.OperationKey">7013d34b-e6f9-11e4-94bf-b0d1b8a1a875</ObjectKey></Node></To></Link><Link type="interface->service:implements"><From><Node type="urn:com:soa:ObjectKey"><ObjectKey class="com.soa.wsdl.model.impl.WsdlInterfaceImpl">uddi:2efde530-cd3d-3bf4-8035-f4eef7bdb6ee</ObjectKey></Node></From><To><Node type="urn:com:soa:ObjectKey"><ObjectKey class="com.soa.service.model.ServiceKey">uddi:e7fcd857-e6f9-11e4-94bf-b0d1b8a1a875</ObjectKey></Node></To></Link><Link type="bndoperation->service:parent"><From><Node type="urn:com:soa:ObjectKey"><ObjectKey class="com.soa.service.operation.model.BindingOperationQualifiedKey">{https://na4.salesforce.com/services/data/v20.0/}SalesforceV20_API$$${https://na4.salesforce.com/services/data/v20.0/}SalesforceV20_API_Binding$$$GET__query</ObjectKey></Node></From><To><Node type="urn:com:soa:ObjectKey"><ObjectKey class="com.soa.service.model.ServiceKey">uddi:25734f6f-71c4-11e4-b9af-fdd44115e303</ObjectKey></Node></To></Link><Link type="bndoperation->service:parent"><From><Node type="urn:com:soa:ObjectKey"><ObjectKey class="com.soa.service.operation.model.BindingOperationQualifiedKey">{https://na4.salesforce.com/services/data/v20.0/}SalesforceV20_API_vs0$$${https://na4.salesforce.com/services/data/v20.0/}SalesforceV20_API_Binding$$$GET__sobjects_Account__id_</ObjectKey></Node></From><To><Node type="urn:com:soa:ObjectKey"><ObjectKey class="com.soa.service.model.ServiceKey">uddi:6fc3b770-e6f9-11e4-94bf-b0d1b8a1a875</ObjectKey></Node></To></Link><Link type="operation->service:parent"><From><Node type="urn:com:soa:ObjectKey"><ObjectKey class="com.soa.service.operation.model.OperationKey">b3d0daff-dcc3-11e4-bea5-dbead20d92c4</ObjectKey></Node></From><To><Node type="urn:com:soa:ObjectKey"><ObjectKey class="com.soa.service.model.ServiceKey">uddi:25734f6f-71c4-11e4-b9af-fdd44115e303</ObjectKey></Node></To></Link><Link type="service->identity:refer"><From><Node type="urn:com:soa:ObjectKey"><ObjectKey class="com.soa.service.model.ServiceKey">uddi:7419dd65-6e92-11e4-8fed-dad2b3c7c30a</ObjectKey></Node></From><To><Node type="urn:com:soa:ObjectKey"><ObjectKey class="com.soa.security.util.QualifiedUserName">Local Domain\rkKAEF+qxn682ZnwahqEew==</ObjectKey></Node></To></Link><Link type="service->operation:child"><From><Node type="urn:com:soa:ObjectKey"><ObjectKey class="com.soa.service.model.ServiceKey">uddi:25734f6f-71c4-11e4-b9af-fdd44115e303</ObjectKey></Node></From><To><Node type="urn:com:soa:ObjectKey"><ObjectKey class="com.soa.service.operation.model.OperationKey">b3ce69fa-dcc3-11e4-bea5-dbead20d92c4</ObjectKey></Node></To></Link><Link type="service->org:parent"><From><Node type="urn:com:soa:ObjectKey"><ObjectKey class="com.soa.service.model.ServiceKey">uddi:25734f6f-71c4-11e4-b9af-fdd44115e303</ObjectKey></Node></From><To><Node type="urn:com:soa:ObjectKey"><ObjectKey class="com.soa.organization.model.OrganizationKey">uddi:d456e649-e6f8-11e4-94bf-b0d1b8a1a875</ObjectKey></Node></To></Link><Link type="service->binding:ImplementedBy"><From><Node type="urn:com:soa:ObjectKey"><ObjectKey class="com.soa.service.model.ServiceKey">uddi:25734f6f-71c4-11e4-b9af-fdd44115e303</ObjectKey></Node></From><To><Node type="urn:com:soa:ObjectKey"><ObjectKey class="com.soa.wsdl.model.impl.WsdlBindingImpl">uddi:10cecae7-8cef-20d3-cd83-ecf77402aa6c</ObjectKey></Node></To></Link><Link type="service->identity:refer"><From><Node type="urn:com:soa:ObjectKey"><ObjectKey class="com.soa.service.model.ServiceKey">uddi:25734f6f-71c4-11e4-b9af-fdd44115e303</ObjectKey></Node></From><To><Node type="urn:com:soa:ObjectKey"><ObjectKey class="com.soa.security.util.QualifiedUserName">Local Domain\MK9x2A9gzkcd95RWxVMerg==</ObjectKey></Node></To></Link><Link type="service->interface:ImplementedBy"><From><Node type="urn:com:soa:ObjectKey"><ObjectKey class="com.soa.service.model.ServiceKey">uddi:25734f6f-71c4-11e4-b9af-fdd44115e303</ObjectKey></Node></From><To><Node type="urn:com:soa:ObjectKey"><ObjectKey class="com.soa.wsdl.model.impl.WsdlInterfaceImpl">uddi:92a520cb-7787-53fd-1cc4-815a6d572734</ObjectKey></Node></To></Link><Link type="proxysvc->service:proxyFor"><From><Node type="urn:com:soa:ObjectKey"><ObjectKey class="com.soa.service.model.ServiceKey">uddi:6fc3b770-e6f9-11e4-94bf-b0d1b8a1a875</ObjectKey></Node></From><To><Node type="urn:com:soa:ObjectKey"><ObjectKey class="com.soa.service.model.ServiceKey">uddi:25734f6f-71c4-11e4-b9af-fdd44115e303</ObjectKey></Node></To></Link><Link type="service->interface:ImplementedBy"><From><Node type="urn:com:soa:ObjectKey"><ObjectKey class="com.soa.service.model.ServiceKey">uddi:e7fcd857-e6f9-11e4-94bf-b0d1b8a1a875</ObjectKey></Node></From><To><Node type="urn:com:soa:ObjectKey"><ObjectKey class="com.soa.wsdl.model.impl.WsdlInterfaceImpl">uddi:2efde530-cd3d-3bf4-8035-f4eef7bdb6ee</ObjectKey></Node></To></Link><Link type="operation->service:parent"><From><Node type="urn:com:soa:ObjectKey"><ObjectKey class="com.soa.service.operation.model.OperationKey">b3cb83c5-dcc3-11e4-bea5-dbead20d92c4</ObjectKey></Node></From><To><Node type="urn:com:soa:ObjectKey"><ObjectKey class="com.soa.service.model.ServiceKey">uddi:25734f6f-71c4-11e4-b9af-fdd44115e303</ObjectKey></Node></To></Link><Link type="service->binding:ImplementedBy"><From><Node type="urn:com:soa:ObjectKey"><ObjectKey class="com.soa.service.model.ServiceKey">uddi:e7fcd857-e6f9-11e4-94bf-b0d1b8a1a875</ObjectKey></Node></From><To><Node type="urn:com:soa:ObjectKey"><ObjectKey class="com.soa.wsdl.model.impl.WsdlBindingImpl">uddi:69eb6109-5a11-7127-04a4-f1f28b7ecf04</ObjectKey></Node></To></Link><Link type="operation->service:parent"><From><Node type="urn:com:soa:ObjectKey"><ObjectKey class="com.soa.service.operation.model.OperationKey">e84ca60b-e6f9-11e4-94bf-b0d1b8a1a875</ObjectKey></Node></From><To><Node type="urn:com:soa:ObjectKey"><ObjectKey class="com.soa.service.model.ServiceKey">uddi:e7fcd857-e6f9-11e4-94bf-b0d1b8a1a875</ObjectKey></Node></To></Link><Link type="service->org:parent"><From><Node type="urn:com:soa:ObjectKey"><ObjectKey class="com.soa.service.model.ServiceKey">uddi:e7fcd857-e6f9-11e4-94bf-b0d1b8a1a875</ObjectKey></Node></From><To><Node type="urn:com:soa:ObjectKey"><ObjectKey class="com.soa.organization.model.OrganizationKey">uddi:d456e649-e6f8-11e4-94bf-b0d1b8a1a875</ObjectKey></Node></To></Link><Link type="binding->interface:ImplementedBy"><From><Node type="urn:com:soa:ObjectKey"><ObjectKey class="com.soa.wsdl.model.impl.WsdlBindingImpl">uddi:10cecae7-8cef-20d3-cd83-ecf77402aa6c</ObjectKey></Node></From><To><Node type="urn:com:soa:ObjectKey"><ObjectKey class="com.soa.wsdl.model.impl.WsdlInterfaceImpl">uddi:92a520cb-7787-53fd-1cc4-815a6d572734</ObjectKey></Node></To></Link><Link type="service->interface:ImplementedBy"><From><Node type="urn:com:soa:ObjectKey"><ObjectKey class="com.soa.service.model.ServiceKey">uddi:7419dd65-6e92-11e4-8fed-dad2b3c7c30a</ObjectKey></Node></From><To><Node type="urn:com:soa:ObjectKey"><ObjectKey class="com.soa.wsdl.model.impl.WsdlInterfaceImpl">uddi:2efde530-cd3d-3bf4-8035-f4eef7bdb6ee</ObjectKey></Node></To></Link><Link type="binding->interface:ImplementedBy"><From><Node type="urn:com:soa:ObjectKey"><ObjectKey class="com.soa.wsdl.model.impl.WsdlBindingImpl">uddi:69eb6109-5a11-7127-04a4-f1f28b7ecf04</ObjectKey></Node></From><To><Node type="urn:com:soa:ObjectKey"><ObjectKey class="com.soa.wsdl.model.impl.WsdlInterfaceImpl">uddi:2efde530-cd3d-3bf4-8035-f4eef7bdb6ee</ObjectKey></Node></To></Link><Link type="operation->service:parent"><From><Node type="urn:com:soa:ObjectKey"><ObjectKey class="com.soa.service.operation.model.OperationKey">b3cc6e27-dcc3-11e4-bea5-dbead20d92c4</ObjectKey></Node></From><To><Node type="urn:com:soa:ObjectKey"><ObjectKey class="com.soa.service.model.ServiceKey">uddi:25734f6f-71c4-11e4-b9af-fdd44115e303</ObjectKey></Node></To></Link><Link type="bndoperation->service:parent"><From><Node type="urn:com:soa:ObjectKey"><ObjectKey class="com.soa.service.operation.model.BindingOperationQualifiedKey">{https://login.salesforce.com/services/oauth2}SalesforceAuthentication$$${https://login.salesforce.com/services/oauth2}SalesforceAuthentication_Binding$$$POST__token</ObjectKey></Node></From><To><Node type="urn:com:soa:ObjectKey"><ObjectKey class="com.soa.service.model.ServiceKey">uddi:7419dd65-6e92-11e4-8fed-dad2b3c7c30a</ObjectKey></Node></To></Link><Link type="operation->service:parent"><From><Node type="urn:com:soa:ObjectKey"><ObjectKey class="com.soa.service.operation.model.OperationKey">b46c7ed3-dcc3-11e4-bea5-dbead20d92c4</ObjectKey></Node></From><To><Node type="urn:com:soa:ObjectKey"><ObjectKey class="com.soa.service.model.ServiceKey">uddi:7419dd65-6e92-11e4-8fed-dad2b3c7c30a</ObjectKey></Node></To></Link><Link type="service->org:parent"><From><Node type="urn:com:soa:ObjectKey"><ObjectKey class="com.soa.service.model.ServiceKey">uddi:7419dd65-6e92-11e4-8fed-dad2b3c7c30a</ObjectKey></Node></From><To><Node type="urn:com:soa:ObjectKey"><ObjectKey class="com.soa.organization.model.OrganizationKey">uddi:d456e649-e6f8-11e4-94bf-b0d1b8a1a875</ObjectKey></Node></To></Link><Link type="service->binding:ImplementedBy"><From><Node type="urn:com:soa:ObjectKey"><ObjectKey class="com.soa.service.model.ServiceKey">uddi:7419dd65-6e92-11e4-8fed-dad2b3c7c30a</ObjectKey></Node></From><To><Node type="urn:com:soa:ObjectKey"><ObjectKey class="com.soa.wsdl.model.impl.WsdlBindingImpl">uddi:69eb6109-5a11-7127-04a4-f1f28b7ecf04</ObjectKey></Node></To></Link><Link type="org->contract:refer"><From><Node type="urn:com:soa:ObjectKey"><ObjectKey class="com.soa.organization.model.OrganizationKey">uddi:d456e649-e6f8-11e4-94bf-b0d1b8a1a875</ObjectKey></Node></From><To><Node type="urn:com:soa:ObjectKey"><ObjectKey class="com.soa.contracts.ContractKey">85592b8b-e6ff-11e4-94bf-b0d1b8a1a875:1021</ObjectKey></Node></To></Link><Link type="service->endpoint:child"><From><Node type="urn:com:soa:ObjectKey"><ObjectKey class="com.soa.service.model.ServiceKey">uddi:7419dd65-6e92-11e4-8fed-dad2b3c7c30a</ObjectKey></Node></From><To><Node type="urn:com:soa:ObjectKey"><ObjectKey class="com.soa.service.endpoint.EndpointKey">uddi:744e81fc-6e92-11e4-8fed-dad2b3c7c30a</ObjectKey></Node></To></Link><Link type="virtualop->bpel:route"><From><Node type="urn:com:soa:ObjectKey"><ObjectKey class="com.soa.service.operation.model.OperationKey">7013d34b-e6f9-11e4-94bf-b0d1b8a1a875</ObjectKey></Node></From><To><Node type="urn:com:soa:ObjectKey"><ObjectKey class="com.soa.bpel.BpelKey">bpel:81377dac-e6f9-11e4-94bf-b0d1b8a1a875</ObjectKey></Node></To></Link><Link type="bpel->virtualop:routedBy"><From><Node type="urn:com:soa:ObjectKey"><ObjectKey class="com.soa.bpel.BpelKey">bpel:81377dac-e6f9-11e4-94bf-b0d1b8a1a875</ObjectKey></Node></From><To><Node type="urn:com:soa:ObjectKey"><ObjectKey class="com.soa.service.operation.model.OperationKey">7013d34b-e6f9-11e4-94bf-b0d1b8a1a875</ObjectKey></Node></To></Link><Link type="binding->service:implements"><From><Node type="urn:com:soa:ObjectKey"><ObjectKey class="com.soa.wsdl.model.impl.WsdlBindingImpl">uddi:10cecae7-8cef-20d3-cd83-ecf77402aa6c</ObjectKey></Node></From><To><Node type="urn:com:soa:ObjectKey"><ObjectKey class="com.soa.service.model.ServiceKey">uddi:6fc3b770-e6f9-11e4-94bf-b0d1b8a1a875</ObjectKey></Node></To></Link><Link type="service->bndoperation:child"><From><Node type="urn:com:soa:ObjectKey"><ObjectKey class="com.soa.service.model.ServiceKey">uddi:7419dd65-6e92-11e4-8fed-dad2b3c7c30a</ObjectKey></Node></From><To><Node type="urn:com:soa:ObjectKey"><ObjectKey class="com.soa.service.operation.model.BindingOperationQualifiedKey">{https://login.salesforce.com/services/oauth2}SalesforceAuthentication$$${https://login.salesforce.com/services/oauth2}SalesforceAuthentication_Binding$$$POST__token</ObjectKey></Node></To></Link><Link type="identity->service:ReferredBy"><From><Node type="urn:com:soa:ObjectKey"><ObjectKey class="com.soa.security.util.QualifiedUserName">Local Domain\ZDuol5M3fNkpaT9Ye+Q33w==</ObjectKey></Node></From><To><Node type="urn:com:soa:ObjectKey"><ObjectKey class="com.soa.service.model.ServiceKey">uddi:e7fcd857-e6f9-11e4-94bf-b0d1b8a1a875</ObjectKey></Node></To></Link><Link type="service->endpoint:child"><From><Node type="urn:com:soa:ObjectKey"><ObjectKey class="com.soa.service.model.ServiceKey">uddi:e7fcd857-e6f9-11e4-94bf-b0d1b8a1a875</ObjectKey></Node></From><To><Node type="urn:com:soa:ObjectKey"><ObjectKey class="com.soa.service.endpoint.EndpointKey">uddi:e896f57f-e6f9-11e4-94bf-b0d1b8a1a875</ObjectKey></Node></To></Link><Link type="service->operation:child"><From><Node type="urn:com:soa:ObjectKey"><ObjectKey class="com.soa.service.model.ServiceKey">uddi:25734f6f-71c4-11e4-b9af-fdd44115e303</ObjectKey></Node></From><To><Node type="urn:com:soa:ObjectKey"><ObjectKey class="com.soa.service.operation.model.OperationKey">b3cc6e27-dcc3-11e4-bea5-dbead20d92c4</ObjectKey></Node></To></Link><Link type="service->operation:child"><From><Node type="urn:com:soa:ObjectKey"><ObjectKey class="com.soa.service.model.ServiceKey">uddi:7419dd65-6e92-11e4-8fed-dad2b3c7c30a</ObjectKey></Node></From><To><Node type="urn:com:soa:ObjectKey"><ObjectKey class="com.soa.service.operation.model.OperationKey">b46c7ed3-dcc3-11e4-bea5-dbead20d92c4</ObjectKey></Node></To></Link><Link type="org->contract:child"><From><Node type="urn:com:soa:ObjectKey"><ObjectKey class="com.soa.organization.model.OrganizationKey">uddi:d456e649-e6f8-11e4-94bf-b0d1b8a1a875</ObjectKey></Node></From><To><Node type="urn:com:soa:ObjectKey"><ObjectKey class="com.soa.contracts.ContractKey">85592b8b-e6ff-11e4-94bf-b0d1b8a1a875:1021</ObjectKey></Node></To></Link><Link type="contract->org:parent"><From><Node type="urn:com:soa:ObjectKey"><ObjectKey class="com.soa.contracts.ContractKey">85592b8b-e6ff-11e4-94bf-b0d1b8a1a875:1021</ObjectKey></Node></From><To><Node type="urn:com:soa:ObjectKey"><ObjectKey class="com.soa.organization.model.OrganizationKey">uddi:d456e649-e6f8-11e4-94bf-b0d1b8a1a875</ObjectKey></Node></To></Link><Link type="service->container:Hosts"><From><Node type="urn:com:soa:ObjectKey"><ObjectKey class="com.soa.service.model.ServiceKey">uddi:6fc3b770-e6f9-11e4-94bf-b0d1b8a1a875</ObjectKey></Node></From><To><Node type="urn:com:soa:ObjectKey"><ObjectKey class="com.soa.svccontainer.ContainerKey">283b5d7c-b1dc-456d-ad3d-98cb1fc5</ObjectKey></Node></To></Link><Link type="service->operation:child"><From><Node type="urn:com:soa:ObjectKey"><ObjectKey class="com.soa.service.model.ServiceKey">uddi:25734f6f-71c4-11e4-b9af-fdd44115e303</ObjectKey></Node></From><To><Node type="urn:com:soa:ObjectKey"><ObjectKey class="com.soa.service.operation.model.OperationKey">b3d0daff-dcc3-11e4-bea5-dbead20d92c4</ObjectKey></Node></To></Link><Link type="operation->service:parent"><From><Node type="urn:com:soa:ObjectKey"><ObjectKey class="com.soa.service.operation.model.OperationKey">b3ce69fa-dcc3-11e4-bea5-dbead20d92c4</ObjectKey></Node></From><To><Node type="urn:com:soa:ObjectKey"><ObjectKey class="com.soa.service.model.ServiceKey">uddi:25734f6f-71c4-11e4-b9af-fdd44115e303</ObjectKey></Node></To></Link><Link type="org->service:child"><From><Node type="urn:com:soa:ObjectKey"><ObjectKey class="com.soa.organization.model.OrganizationKey">uddi:d456e649-e6f8-11e4-94bf-b0d1b8a1a875</ObjectKey></Node></From><To><Node type="urn:com:soa:ObjectKey"><ObjectKey class="com.soa.service.model.ServiceKey">uddi:6fc3b770-e6f9-11e4-94bf-b0d1b8a1a875</ObjectKey></Node></To></Link><Link type="service->bndoperation:child"><From><Node type="urn:com:soa:ObjectKey"><ObjectKey class="com.soa.service.model.ServiceKey">uddi:6fc3b770-e6f9-11e4-94bf-b0d1b8a1a875</ObjectKey></Node></From><To><Node type="urn:com:soa:ObjectKey"><ObjectKey class="com.soa.service.operation.model.BindingOperationQualifiedKey">{https://na4.salesforce.com/services/data/v20.0/}SalesforceV20_API_vs0$$${https://na4.salesforce.com/services/data/v20.0/}SalesforceV20_API_Binding$$$GET__query</ObjectKey></Node></To></Link><Link type="container->service:HostedBy"><From><Node type="urn:com:soa:ObjectKey"><ObjectKey class="com.soa.svccontainer.ContainerKey">283b5d7c-b1dc-456d-ad3d-98cb1fc5</ObjectKey></Node></From><To><Node type="urn:com:soa:ObjectKey"><ObjectKey class="com.soa.service.model.ServiceKey">uddi:6fc3b770-e6f9-11e4-94bf-b0d1b8a1a875</ObjectKey></Node></To></Link><Link type="bndoperation->service:parent"><From><Node type="urn:com:soa:ObjectKey"><ObjectKey class="com.soa.service.operation.model.BindingOperationQualifiedKey">{https://na4.salesforce.com/services/data/v20.0/}SalesforceV20_API$$${https://na4.salesforce.com/services/data/v20.0/}SalesforceV20_API_Binding$$$POST__sobjects_Account</ObjectKey></Node></From><To><Node type="urn:com:soa:ObjectKey"><ObjectKey class="com.soa.service.model.ServiceKey">uddi:25734f6f-71c4-11e4-b9af-fdd44115e303</ObjectKey></Node></To></Link><Link type="bndoperation->service:parent"><From><Node type="urn:com:soa:ObjectKey"><ObjectKey class="com.soa.service.operation.model.BindingOperationQualifiedKey">{https://na4.salesforce.com/services/data/v20.0/}SalesforceV20_API$$${https://na4.salesforce.com/services/data/v20.0/}SalesforceV20_API_Binding$$$GET__sobjects_Account__id_</ObjectKey></Node></From><To><Node type="urn:com:soa:ObjectKey"><ObjectKey class="com.soa.service.model.ServiceKey">uddi:25734f6f-71c4-11e4-b9af-fdd44115e303</ObjectKey></Node></To></Link><Link type="service->bndoperation:child"><From><Node type="urn:com:soa:ObjectKey"><ObjectKey class="com.soa.service.model.ServiceKey">uddi:25734f6f-71c4-11e4-b9af-fdd44115e303</ObjectKey></Node></From><To><Node type="urn:com:soa:ObjectKey"><ObjectKey class="com.soa.service.operation.model.BindingOperationQualifiedKey">{https://na4.salesforce.com/services/data/v20.0/}SalesforceV20_API$$${https://na4.salesforce.com/services/data/v20.0/}SalesforceV20_API_Binding$$$POST__sobjects_Account</ObjectKey></Node></To></Link><Link type="interface->service:implements"><From><Node type="urn:com:soa:ObjectKey"><ObjectKey class="com.soa.wsdl.model.impl.WsdlInterfaceImpl">uddi:92a520cb-7787-53fd-1cc4-815a6d572734</ObjectKey></Node></From><To><Node type="urn:com:soa:ObjectKey"><ObjectKey class="com.soa.service.model.ServiceKey">uddi:6fc3b770-e6f9-11e4-94bf-b0d1b8a1a875</ObjectKey></Node></To></Link><Link type="endpoint->service:parent"><From><Node type="urn:com:soa:ObjectKey"><ObjectKey class="com.soa.service.endpoint.EndpointKey">uddi:744e81fc-6e92-11e4-8fed-dad2b3c7c30a</ObjectKey></Node></From><To><Node type="urn:com:soa:ObjectKey"><ObjectKey class="com.soa.service.model.ServiceKey">uddi:7419dd65-6e92-11e4-8fed-dad2b3c7c30a</ObjectKey></Node></To></Link><Link type="service->bndoperation:child"><From><Node type="urn:com:soa:ObjectKey"><ObjectKey class="com.soa.service.model.ServiceKey">uddi:25734f6f-71c4-11e4-b9af-fdd44115e303</ObjectKey></Node></From><To><Node type="urn:com:soa:ObjectKey"><ObjectKey class="com.soa.service.operation.model.BindingOperationQualifiedKey">{https://na4.salesforce.com/services/data/v20.0/}SalesforceV20_API$$${https://na4.salesforce.com/services/data/v20.0/}SalesforceV20_API_Binding$$$GET__sobjects_Account__id_</ObjectKey></Node></To></Link><Link type="virtualop->bpel:route"><From><Node type="urn:com:soa:ObjectKey"><ObjectKey class="com.soa.service.operation.model.OperationKey">700b95e4-e6f9-11e4-94bf-b0d1b8a1a875</ObjectKey></Node></From><To><Node type="urn:com:soa:ObjectKey"><ObjectKey class="com.soa.bpel.BpelKey">bpel:8129c20b-e6f9-11e4-94bf-b0d1b8a1a875</ObjectKey></Node></To></Link><Link type="virtualop->bpel:route"><From><Node type="urn:com:soa:ObjectKey"><ObjectKey class="com.soa.service.operation.model.OperationKey">7014e4be-e6f9-11e4-94bf-b0d1b8a1a875</ObjectKey></Node></From><To><Node type="urn:com:soa:ObjectKey"><ObjectKey class="com.soa.bpel.BpelKey">bpel:81464abd-e6f9-11e4-94bf-b0d1b8a1a875</ObjectKey></Node></To></Link><Link type="bndoperation->service:parent"><From><Node type="urn:com:soa:ObjectKey"><ObjectKey class="com.soa.service.operation.model.BindingOperationQualifiedKey">{https://na4.salesforce.com/services/data/v20.0/}SalesforceV20_API_vs0$$${https://na4.salesforce.com/services/data/v20.0/}SalesforceV20_API_Binding$$$GET__query</ObjectKey></Node></From><To><Node type="urn:com:soa:ObjectKey"><ObjectKey class="com.soa.service.model.ServiceKey">uddi:6fc3b770-e6f9-11e4-94bf-b0d1b8a1a875</ObjectKey></Node></To></Link><Link type="bpel->virtualop:routedBy"><From><Node type="urn:com:soa:ObjectKey"><ObjectKey class="com.soa.bpel.BpelKey">bpel:8129c20b-e6f9-11e4-94bf-b0d1b8a1a875</ObjectKey></Node></From><To><Node type="urn:com:soa:ObjectKey"><ObjectKey class="com.soa.service.operation.model.OperationKey">700b95e4-e6f9-11e4-94bf-b0d1b8a1a875</ObjectKey></Node></To></Link><Link type="bpel->virtualop:routedBy"><From><Node type="urn:com:soa:ObjectKey"><ObjectKey class="com.soa.bpel.BpelKey">bpel:81464abd-e6f9-11e4-94bf-b0d1b8a1a875</ObjectKey></Node></From><To><Node type="urn:com:soa:ObjectKey"><ObjectKey class="com.soa.service.operation.model.OperationKey">7014e4be-e6f9-11e4-94bf-b0d1b8a1a875</ObjectKey></Node></To></Link><Link type="identity->service:ReferredBy"><From><Node type="urn:com:soa:ObjectKey"><ObjectKey class="com.soa.security.util.QualifiedUserName">Local Domain\1jgc+hDCChd36xzZlKL+xg==</ObjectKey></Node></From><To><Node type="urn:com:soa:ObjectKey"><ObjectKey class="com.soa.service.model.ServiceKey">uddi:6fc3b770-e6f9-11e4-94bf-b0d1b8a1a875</ObjectKey></Node></To></Link><Link type="service->operation:child"><From><Node type="urn:com:soa:ObjectKey"><ObjectKey class="com.soa.service.model.ServiceKey">uddi:25734f6f-71c4-11e4-b9af-fdd44115e303</ObjectKey></Node></From><To><Node type="urn:com:soa:ObjectKey"><ObjectKey class="com.soa.service.operation.model.OperationKey">b3cb83c5-dcc3-11e4-bea5-dbead20d92c4</ObjectKey></Node></To></Link><Link type="service->operation:child"><From><Node type="urn:com:soa:ObjectKey"><ObjectKey class="com.soa.service.model.ServiceKey">uddi:e7fcd857-e6f9-11e4-94bf-b0d1b8a1a875</ObjectKey></Node></From><To><Node type="urn:com:soa:ObjectKey"><ObjectKey class="com.soa.service.operation.model.OperationKey">e84ca60b-e6f9-11e4-94bf-b0d1b8a1a875</ObjectKey></Node></To></Link><Link type="endpoint->service:parent"><From><Node type="urn:com:soa:ObjectKey"><ObjectKey class="com.soa.service.endpoint.EndpointKey">uddi:e896f57f-e6f9-11e4-94bf-b0d1b8a1a875</ObjectKey></Node></From><To><Node type="urn:com:soa:ObjectKey"><ObjectKey class="com.soa.service.model.ServiceKey">uddi:e7fcd857-e6f9-11e4-94bf-b0d1b8a1a875</ObjectKey></Node></To></Link></Links></DepedendencyGraph>