<?xml version="1.0" encoding="UTF-8"?>
<DepedendencyGraph version="1.1"><Nodes><Node type="urn:com:soa:ObjectKey"><ObjectKey class="com.soa.bpel.BpelKey">bpel:b50bde90-e7b8-11e4-94bf-b0d1b8a1a875</ObjectKey></Node><Node type="urn:com:soa:ObjectKey"><ObjectKey class="com.soa.service.operation.model.BindingOperationQualifiedKey">{https://akana.salesforce.com/services/data/v20.0/}SalesforceV20_API_vs0$$${https://akana.salesforce.com/services/data/v20.0/}SalesforceV20_API_Binding$$$GET__query</ObjectKey></Node><Node type="urn:com:soa:ObjectKey"><ObjectKey class="com.soa.service.endpoint.EndpointKey">uddi:dbc8188e-e7b8-11e4-94bf-b0d1b8a1a875</ObjectKey></Node><Node type="urn:com:soa:ObjectKey"><ObjectKey class="com.soa.service.operation.model.OperationKey">b4d9f90f-e7b8-11e4-94bf-b0d1b8a1a875</ObjectKey></Node><Node type="urn:com:soa:ObjectKey"><ObjectKey class="com.soa.service.operation.model.BindingOperationQualifiedKey">{https://akana.salesforce.com/services/data/v20.0/}SalesforceV20_API_vs0$$${https://akana.salesforce.com/services/data/v20.0/}SalesforceV20_API_Binding$$$GET__sobjects_Lead__id_</ObjectKey></Node><Node type="urn:com:soa:ObjectKey"><ObjectKey class="com.soa.service.operation.model.BindingOperationQualifiedKey">{https://akana.salesforce.com/services/data/v20.0/}SalesforceV20_API_vs0$$${https://akana.salesforce.com/services/data/v20.0/}SalesforceV20_API_Binding$$$POST__sobjects_Lead</ObjectKey></Node><Node type="urn:com:soa:ObjectKey"><ObjectKey class="com.soa.security.util.QualifiedUserName">Local Domain\D04Xb0dPb0fOLsS#jjB6HA==</ObjectKey></Node><Node type="urn:com:soa:ObjectKey"><ObjectKey class="com.soa.svccontainer.ContainerKey">283b5d7c-b1dc-456d-ad3d-98cb1fc5</ObjectKey><property class="java.lang.String" name="_NAME_" type="urn:com:soa:SimpleProperty">nd</property></Node><Node type="urn:com:soa:ObjectKey"><ObjectKey class="com.soa.service.operation.model.BindingOperationQualifiedKey">{https://akana.salesforce.com/services/data/v20.0/}SalesforceV20_API$$${https://akana.salesforce.com/services/data/v20.0/}SalesforceV20_API_Binding$$$GET__sobjects_Lead__id_</ObjectKey></Node><Node type="urn:com:soa:ObjectKey"><ObjectKey class="com.soa.bpel.BpelKey">bpel:b54dc994-e7b8-11e4-94bf-b0d1b8a1a875</ObjectKey></Node><Node type="urn:com:soa:ObjectKey"><ObjectKey class="com.soa.service.model.ServiceKey">uddi:dabf5c0d-e7b8-11e4-94bf-b0d1b8a1a875</ObjectKey><property class="java.lang.String" name="_NAME_" type="urn:com:soa:SimpleProperty">SalesforceAuthentication</property></Node><Node type="urn:com:soa:ObjectKey"><ObjectKey class="com.soa.service.operation.model.BindingOperationQualifiedKey">{https://login.akana.salesforce.com/services/oauth2}SalesforceAuthentication_vs0$$${https://login.akana.salesforce.com/services/oauth2}SalesforceAuthentication_Binding$$$POST__token</ObjectKey></Node><Node type="urn:com:soa:ObjectKey"><ObjectKey class="com.soa.service.operation.model.OperationKey">b45deb2d-e7b8-11e4-94bf-b0d1b8a1a875</ObjectKey></Node><Node type="urn:com:soa:ObjectKey"><ObjectKey class="com.soa.wsdl.model.impl.WsdlBindingImpl">uddi:2c3397fa-5c64-76dd-4263-d42b953c7838</ObjectKey><property class="java.lang.String" name="_NAME_" type="urn:com:soa:SimpleProperty">{https://login.akana.salesforce.com/services/oauth2}SalesforceAuthentication_Binding</property></Node><Node type="urn:com:soa:ObjectKey"><ObjectKey class="com.soa.security.util.QualifiedUserName">Local Domain\oQxTBwOSmAQ6EqD0wad83g==</ObjectKey></Node><Node type="urn:com:soa:ObjectKey"><ObjectKey class="com.soa.wsdl.model.impl.WsdlInterfaceImpl">uddi:284b1cff-2936-9fc8-7d13-b21943e9f03f</ObjectKey><property class="java.lang.String" name="_NAME_" type="urn:com:soa:SimpleProperty">{https://akana.salesforce.com/services/data/v20.0/}SalesforceV20_API_PortType</property></Node><Node type="urn:com:soa:ObjectKey"><ObjectKey class="com.soa.wsdl.model.impl.WsdlBindingImpl">uddi:9e9546bf-c40b-91bd-7e97-aaecd15a9d84</ObjectKey><property class="java.lang.String" name="_NAME_" type="urn:com:soa:SimpleProperty">{https://akana.salesforce.com/services/data/v20.0/}SalesforceV20_API_Binding</property></Node><Node type="urn:com:soa:ObjectKey"><ObjectKey class="com.soa.wsdl.model.impl.WsdlInterfaceImpl">uddi:e80c956c-0061-f360-1812-6e097027946f</ObjectKey><property class="java.lang.String" name="_NAME_" type="urn:com:soa:SimpleProperty">{https://login.akana.salesforce.com/services/oauth2}SalesforceAuthentication_PortType</property></Node><Node type="urn:com:soa:ObjectKey"><ObjectKey class="com.soa.service.operation.model.BindingOperationQualifiedKey">{https://akana.salesforce.com/services/data/v20.0/}SalesforceV20_API_vs0$$${https://akana.salesforce.com/services/data/v20.0/}SalesforceV20_API_Binding$$$GET__sobjects_Account__id_</ObjectKey></Node><Node type="urn:com:soa:ObjectKey"><ObjectKey class="com.soa.service.endpoint.EndpointKey">uddi:b4819fd9-e7b8-11e4-94bf-b0d1b8a1a875</ObjectKey></Node><Node type="urn:com:soa:ObjectKey"><ObjectKey class="com.soa.service.operation.model.BindingOperationQualifiedKey">{https://akana.salesforce.com/services/data/v20.0/}SalesforceV20_API$$${https://akana.salesforce.com/services/data/v20.0/}SalesforceV20_API_Binding$$$POST__sobjects_Account</ObjectKey></Node><Node type="urn:com:soa:ObjectKey"><ObjectKey class="com.soa.service.model.ServiceKey">uddi:b37f9913-e7b8-11e4-94bf-b0d1b8a1a875</ObjectKey><property class="java.lang.String" name="_NAME_" type="urn:com:soa:SimpleProperty">SalesforceV20_API</property></Node><Node type="urn:com:soa:ObjectKey"><ObjectKey class="com.soa.service.endpoint.EndpointKey">uddi:db219f54-e7b8-11e4-94bf-b0d1b8a1a875</ObjectKey></Node><Node type="urn:com:soa:ObjectKey"><ObjectKey class="com.soa.service.operation.model.BindingOperationQualifiedKey">{https://akana.salesforce.com/services/data/v20.0/}SalesforceV20_API$$${https://akana.salesforce.com/services/data/v20.0/}SalesforceV20_API_Binding$$$GET__query</ObjectKey></Node><Node type="urn:com:soa:ObjectKey"><ObjectKey class="com.soa.bpel.BpelKey">bpel:b53b2bf3-e7b8-11e4-94bf-b0d1b8a1a875</ObjectKey></Node><Node type="urn:com:soa:ObjectKey"><ObjectKey class="com.soa.bpel.BpelKey">bpel:b52b7482-e7b8-11e4-94bf-b0d1b8a1a875</ObjectKey></Node><Node type="urn:com:soa:ObjectKey"><ObjectKey class="com.soa.service.operation.model.OperationKey">b4df0226-e7b8-11e4-94bf-b0d1b8a1a875</ObjectKey></Node><Node type="urn:com:soa:ObjectKey"><ObjectKey class="com.soa.service.model.ServiceKey">uddi:db2fa915-e7b8-11e4-94bf-b0d1b8a1a875</ObjectKey><property class="java.lang.String" name="_NAME_" type="urn:com:soa:SimpleProperty">SalesforceAuthentication_vs0</property></Node><Node type="urn:com:soa:ObjectKey"><ObjectKey class="com.soa.service.model.ServiceKey">uddi:b4959d0b-e7b8-11e4-94bf-b0d1b8a1a875</ObjectKey><property class="java.lang.String" name="_NAME_" type="urn:com:soa:SimpleProperty">SalesforceV20_API_vs0</property></Node><Node type="urn:com:soa:ObjectKey"><ObjectKey class="com.soa.contracts.ContractKey">85592b8b-e6ff-11e4-94bf-b0d1b8a1a875:1021</ObjectKey><property class="java.lang.String" name="_NAME_" type="urn:com:soa:SimpleProperty">Anonymous</property></Node><Node type="urn:com:soa:ObjectKey"><ObjectKey class="com.soa.security.util.QualifiedUserName">Local Domain\7ClTs51vig2tA29WpUvlAg==</ObjectKey></Node><Node type="urn:com:soa:ObjectKey"><ObjectKey class="com.soa.service.operation.model.BindingOperationQualifiedKey">{https://login.akana.salesforce.com/services/oauth2}SalesforceAuthentication$$${https://login.akana.salesforce.com/services/oauth2}SalesforceAuthentication_Binding$$$POST__token</ObjectKey></Node><Node type="urn:com:soa:ObjectKey"><ObjectKey class="com.soa.service.operation.model.OperationKey">b4e0fdf9-e7b8-11e4-94bf-b0d1b8a1a875</ObjectKey></Node><Node type="urn:com:soa:ObjectKey"><ObjectKey class="com.soa.service.operation.model.OperationKey">b4dcdf44-e7b8-11e4-94bf-b0d1b8a1a875</ObjectKey></Node><Node type="urn:com:soa:ObjectKey"><ObjectKey class="com.soa.service.operation.model.OperationKey">b459cc78-e7b8-11e4-94bf-b0d1b8a1a875</ObjectKey></Node><Node type="urn:com:soa:ObjectKey"><ObjectKey class="com.soa.service.operation.model.OperationKey">b45ed58f-e7b8-11e4-94bf-b0d1b8a1a875</ObjectKey></Node><Node type="urn:com:soa:ObjectKey"><ObjectKey class="com.soa.bpel.BpelKey">bpel:b51cce81-e7b8-11e4-94bf-b0d1b8a1a875</ObjectKey></Node><Node type="urn:com:soa:ObjectKey"><ObjectKey class="com.soa.service.operation.model.OperationKey">db767619-e7b8-11e4-94bf-b0d1b8a1a875</ObjectKey></Node><Node type="urn:com:soa:ObjectKey"><ObjectKey class="com.soa.service.operation.model.OperationKey">b45b2c0a-e7b8-11e4-94bf-b0d1b8a1a875</ObjectKey></Node><Node type="urn:com:soa:ObjectKey"><ObjectKey class="com.soa.security.util.QualifiedUserName">Local Domain\BYwrped0eM1fbFxrWa9FKw==</ObjectKey></Node><Node type="urn:com:soa:ObjectKey"><ObjectKey class="com.soa.service.operation.model.OperationKey">db11e7e1-e7b8-11e4-94bf-b0d1b8a1a875</ObjectKey></Node><Node type="urn:com:soa:ObjectKey"><ObjectKey class="com.soa.service.endpoint.EndpointKey">uddi:b5d08e25-e7b8-11e4-94bf-b0d1b8a1a875</ObjectKey></Node><Node type="urn:com:soa:ObjectKey"><ObjectKey class="com.soa.service.operation.model.BindingOperationQualifiedKey">{https://akana.salesforce.com/services/data/v20.0/}SalesforceV20_API$$${https://akana.salesforce.com/services/data/v20.0/}SalesforceV20_API_Binding$$$GET__sobjects_Account__id_</ObjectKey></Node><Node type="urn:com:soa:ObjectKey"><ObjectKey class="com.soa.service.operation.model.OperationKey">b4dc1bf1-e7b8-11e4-94bf-b0d1b8a1a875</ObjectKey></Node><Node type="urn:com:soa:ObjectKey"><ObjectKey class="com.soa.bpel.BpelKey">bpel:db9bff7d-e7b8-11e4-94bf-b0d1b8a1a875</ObjectKey></Node><Node type="urn:com:soa:ObjectKey"><ObjectKey class="com.soa.service.operation.model.BindingOperationQualifiedKey">{https://akana.salesforce.com/services/data/v20.0/}SalesforceV20_API$$${https://akana.salesforce.com/services/data/v20.0/}SalesforceV20_API_Binding$$$POST__sobjects_Lead</ObjectKey></Node><Node type="urn:com:soa:ObjectKey"><ObjectKey class="com.soa.service.operation.model.OperationKey">b460f872-e7b8-11e4-94bf-b0d1b8a1a875</ObjectKey></Node><Node type="urn:com:soa:ObjectKey"><ObjectKey class="com.soa.organization.model.OrganizationKey">uddi:d456e649-e6f8-11e4-94bf-b0d1b8a1a875</ObjectKey><property class="java.lang.String" name="_NAME_" type="urn:com:soa:SimpleProperty">SalesForce API Hook</property></Node><Node type="urn:com:soa:ObjectKey"><ObjectKey class="com.soa.service.operation.model.BindingOperationQualifiedKey">{https://akana.salesforce.com/services/data/v20.0/}SalesforceV20_API_vs0$$${https://akana.salesforce.com/services/data/v20.0/}SalesforceV20_API_Binding$$$POST__sobjects_Account</ObjectKey></Node></Nodes><Links><Link type="service->operation:child"><From><Node type="urn:com:soa:ObjectKey"><ObjectKey class="com.soa.service.model.ServiceKey">uddi:b4959d0b-e7b8-11e4-94bf-b0d1b8a1a875</ObjectKey></Node></From><To><Node type="urn:com:soa:ObjectKey"><ObjectKey class="com.soa.service.operation.model.OperationKey">b4e0fdf9-e7b8-11e4-94bf-b0d1b8a1a875</ObjectKey></Node></To></Link><Link type="service->interface:ImplementedBy"><From><Node type="urn:com:soa:ObjectKey"><ObjectKey class="com.soa.service.model.ServiceKey">uddi:dabf5c0d-e7b8-11e4-94bf-b0d1b8a1a875</ObjectKey></Node></From><To><Node type="urn:com:soa:ObjectKey"><ObjectKey class="com.soa.wsdl.model.impl.WsdlInterfaceImpl">uddi:e80c956c-0061-f360-1812-6e097027946f</ObjectKey></Node></To></Link><Link type="service->operation:child"><From><Node type="urn:com:soa:ObjectKey"><ObjectKey class="com.soa.service.model.ServiceKey">uddi:dabf5c0d-e7b8-11e4-94bf-b0d1b8a1a875</ObjectKey></Node></From><To><Node type="urn:com:soa:ObjectKey"><ObjectKey class="com.soa.service.operation.model.OperationKey">db11e7e1-e7b8-11e4-94bf-b0d1b8a1a875</ObjectKey></Node></To></Link><Link type="service->bndoperation:child"><From><Node type="urn:com:soa:ObjectKey"><ObjectKey class="com.soa.service.model.ServiceKey">uddi:b4959d0b-e7b8-11e4-94bf-b0d1b8a1a875</ObjectKey></Node></From><To><Node type="urn:com:soa:ObjectKey"><ObjectKey class="com.soa.service.operation.model.BindingOperationQualifiedKey">{https://akana.salesforce.com/services/data/v20.0/}SalesforceV20_API_vs0$$${https://akana.salesforce.com/services/data/v20.0/}SalesforceV20_API_Binding$$$GET__sobjects_Lead__id_</ObjectKey></Node></To></Link><Link type="service->bndoperation:child"><From><Node type="urn:com:soa:ObjectKey"><ObjectKey class="com.soa.service.model.ServiceKey">uddi:b4959d0b-e7b8-11e4-94bf-b0d1b8a1a875</ObjectKey></Node></From><To><Node type="urn:com:soa:ObjectKey"><ObjectKey class="com.soa.service.operation.model.BindingOperationQualifiedKey">{https://akana.salesforce.com/services/data/v20.0/}SalesforceV20_API_vs0$$${https://akana.salesforce.com/services/data/v20.0/}SalesforceV20_API_Binding$$$POST__sobjects_Lead</ObjectKey></Node></To></Link><Link type="service->org:parent"><From><Node type="urn:com:soa:ObjectKey"><ObjectKey class="com.soa.service.model.ServiceKey">uddi:dabf5c0d-e7b8-11e4-94bf-b0d1b8a1a875</ObjectKey></Node></From><To><Node type="urn:com:soa:ObjectKey"><ObjectKey class="com.soa.organization.model.OrganizationKey">uddi:d456e649-e6f8-11e4-94bf-b0d1b8a1a875</ObjectKey></Node></To></Link><Link type="service->operation:child"><From><Node type="urn:com:soa:ObjectKey"><ObjectKey class="com.soa.service.model.ServiceKey">uddi:b4959d0b-e7b8-11e4-94bf-b0d1b8a1a875</ObjectKey></Node></From><To><Node type="urn:com:soa:ObjectKey"><ObjectKey class="com.soa.service.operation.model.OperationKey">b4dcdf44-e7b8-11e4-94bf-b0d1b8a1a875</ObjectKey></Node></To></Link><Link type="binding->service:implements"><From><Node type="urn:com:soa:ObjectKey"><ObjectKey class="com.soa.wsdl.model.impl.WsdlBindingImpl">uddi:9e9546bf-c40b-91bd-7e97-aaecd15a9d84</ObjectKey></Node></From><To><Node type="urn:com:soa:ObjectKey"><ObjectKey class="com.soa.service.model.ServiceKey">uddi:b37f9913-e7b8-11e4-94bf-b0d1b8a1a875</ObjectKey></Node></To></Link><Link type="service->binding:ImplementedBy"><From><Node type="urn:com:soa:ObjectKey"><ObjectKey class="com.soa.service.model.ServiceKey">uddi:dabf5c0d-e7b8-11e4-94bf-b0d1b8a1a875</ObjectKey></Node></From><To><Node type="urn:com:soa:ObjectKey"><ObjectKey class="com.soa.wsdl.model.impl.WsdlBindingImpl">uddi:2c3397fa-5c64-76dd-4263-d42b953c7838</ObjectKey></Node></To></Link><Link type="bpel->virtualop:routedBy"><From><Node type="urn:com:soa:ObjectKey"><ObjectKey class="com.soa.bpel.BpelKey">bpel:b52b7482-e7b8-11e4-94bf-b0d1b8a1a875</ObjectKey></Node></From><To><Node type="urn:com:soa:ObjectKey"><ObjectKey class="com.soa.service.operation.model.OperationKey">b4df0226-e7b8-11e4-94bf-b0d1b8a1a875</ObjectKey></Node></To></Link><Link type="virtualop->bpel:route"><From><Node type="urn:com:soa:ObjectKey"><ObjectKey class="com.soa.service.operation.model.OperationKey">b4df0226-e7b8-11e4-94bf-b0d1b8a1a875</ObjectKey></Node></From><To><Node type="urn:com:soa:ObjectKey"><ObjectKey class="com.soa.bpel.BpelKey">bpel:b52b7482-e7b8-11e4-94bf-b0d1b8a1a875</ObjectKey></Node></To></Link><Link type="bndoperation->service:parent"><From><Node type="urn:com:soa:ObjectKey"><ObjectKey class="com.soa.service.operation.model.BindingOperationQualifiedKey">{https://akana.salesforce.com/services/data/v20.0/}SalesforceV20_API_vs0$$${https://akana.salesforce.com/services/data/v20.0/}SalesforceV20_API_Binding$$$GET__sobjects_Lead__id_</ObjectKey></Node></From><To><Node type="urn:com:soa:ObjectKey"><ObjectKey class="com.soa.service.model.ServiceKey">uddi:b4959d0b-e7b8-11e4-94bf-b0d1b8a1a875</ObjectKey></Node></To></Link><Link type="bndoperation->service:parent"><From><Node type="urn:com:soa:ObjectKey"><ObjectKey class="com.soa.service.operation.model.BindingOperationQualifiedKey">{https://akana.salesforce.com/services/data/v20.0/}SalesforceV20_API_vs0$$${https://akana.salesforce.com/services/data/v20.0/}SalesforceV20_API_Binding$$$POST__sobjects_Lead</ObjectKey></Node></From><To><Node type="urn:com:soa:ObjectKey"><ObjectKey class="com.soa.service.model.ServiceKey">uddi:b4959d0b-e7b8-11e4-94bf-b0d1b8a1a875</ObjectKey></Node></To></Link><Link type="service->operation:child"><From><Node type="urn:com:soa:ObjectKey"><ObjectKey class="com.soa.service.model.ServiceKey">uddi:db2fa915-e7b8-11e4-94bf-b0d1b8a1a875</ObjectKey></Node></From><To><Node type="urn:com:soa:ObjectKey"><ObjectKey class="com.soa.service.operation.model.OperationKey">db767619-e7b8-11e4-94bf-b0d1b8a1a875</ObjectKey></Node></To></Link><Link type="operation->service:parent"><From><Node type="urn:com:soa:ObjectKey"><ObjectKey class="com.soa.service.operation.model.OperationKey">b4df0226-e7b8-11e4-94bf-b0d1b8a1a875</ObjectKey></Node></From><To><Node type="urn:com:soa:ObjectKey"><ObjectKey class="com.soa.service.model.ServiceKey">uddi:b4959d0b-e7b8-11e4-94bf-b0d1b8a1a875</ObjectKey></Node></To></Link><Link type="service->interface:ImplementedBy"><From><Node type="urn:com:soa:ObjectKey"><ObjectKey class="com.soa.service.model.ServiceKey">uddi:db2fa915-e7b8-11e4-94bf-b0d1b8a1a875</ObjectKey></Node></From><To><Node type="urn:com:soa:ObjectKey"><ObjectKey class="com.soa.wsdl.model.impl.WsdlInterfaceImpl">uddi:e80c956c-0061-f360-1812-6e097027946f</ObjectKey></Node></To></Link><Link type="virtualop->bpel:route"><From><Node type="urn:com:soa:ObjectKey"><ObjectKey class="com.soa.service.operation.model.OperationKey">db767619-e7b8-11e4-94bf-b0d1b8a1a875</ObjectKey></Node></From><To><Node type="urn:com:soa:ObjectKey"><ObjectKey class="com.soa.bpel.BpelKey">bpel:db9bff7d-e7b8-11e4-94bf-b0d1b8a1a875</ObjectKey></Node></To></Link><Link type="service->interface:ImplementedBy"><From><Node type="urn:com:soa:ObjectKey"><ObjectKey class="com.soa.service.model.ServiceKey">uddi:b4959d0b-e7b8-11e4-94bf-b0d1b8a1a875</ObjectKey></Node></From><To><Node type="urn:com:soa:ObjectKey"><ObjectKey class="com.soa.wsdl.model.impl.WsdlInterfaceImpl">uddi:284b1cff-2936-9fc8-7d13-b21943e9f03f</ObjectKey></Node></To></Link><Link type="bpel->virtualop:routedBy"><From><Node type="urn:com:soa:ObjectKey"><ObjectKey class="com.soa.bpel.BpelKey">bpel:db9bff7d-e7b8-11e4-94bf-b0d1b8a1a875</ObjectKey></Node></From><To><Node type="urn:com:soa:ObjectKey"><ObjectKey class="com.soa.service.operation.model.OperationKey">db767619-e7b8-11e4-94bf-b0d1b8a1a875</ObjectKey></Node></To></Link><Link type="bndoperation->service:parent"><From><Node type="urn:com:soa:ObjectKey"><ObjectKey class="com.soa.service.operation.model.BindingOperationQualifiedKey">{https://login.akana.salesforce.com/services/oauth2}SalesforceAuthentication_vs0$$${https://login.akana.salesforce.com/services/oauth2}SalesforceAuthentication_Binding$$$POST__token</ObjectKey></Node></From><To><Node type="urn:com:soa:ObjectKey"><ObjectKey class="com.soa.service.model.ServiceKey">uddi:db2fa915-e7b8-11e4-94bf-b0d1b8a1a875</ObjectKey></Node></To></Link><Link type="service->binding:ImplementedBy"><From><Node type="urn:com:soa:ObjectKey"><ObjectKey class="com.soa.service.model.ServiceKey">uddi:db2fa915-e7b8-11e4-94bf-b0d1b8a1a875</ObjectKey></Node></From><To><Node type="urn:com:soa:ObjectKey"><ObjectKey class="com.soa.wsdl.model.impl.WsdlBindingImpl">uddi:2c3397fa-5c64-76dd-4263-d42b953c7838</ObjectKey></Node></To></Link><Link type="interface->binding:implements"><From><Node type="urn:com:soa:ObjectKey"><ObjectKey class="com.soa.wsdl.model.impl.WsdlInterfaceImpl">uddi:e80c956c-0061-f360-1812-6e097027946f</ObjectKey></Node></From><To><Node type="urn:com:soa:ObjectKey"><ObjectKey class="com.soa.wsdl.model.impl.WsdlBindingImpl">uddi:2c3397fa-5c64-76dd-4263-d42b953c7838</ObjectKey></Node></To></Link><Link type="service->org:parent"><From><Node type="urn:com:soa:ObjectKey"><ObjectKey class="com.soa.service.model.ServiceKey">uddi:db2fa915-e7b8-11e4-94bf-b0d1b8a1a875</ObjectKey></Node></From><To><Node type="urn:com:soa:ObjectKey"><ObjectKey class="com.soa.organization.model.OrganizationKey">uddi:d456e649-e6f8-11e4-94bf-b0d1b8a1a875</ObjectKey></Node></To></Link><Link type="service->binding:ImplementedBy"><From><Node type="urn:com:soa:ObjectKey"><ObjectKey class="com.soa.service.model.ServiceKey">uddi:b4959d0b-e7b8-11e4-94bf-b0d1b8a1a875</ObjectKey></Node></From><To><Node type="urn:com:soa:ObjectKey"><ObjectKey class="com.soa.wsdl.model.impl.WsdlBindingImpl">uddi:9e9546bf-c40b-91bd-7e97-aaecd15a9d84</ObjectKey></Node></To></Link><Link type="interface->binding:implements"><From><Node type="urn:com:soa:ObjectKey"><ObjectKey class="com.soa.wsdl.model.impl.WsdlInterfaceImpl">uddi:284b1cff-2936-9fc8-7d13-b21943e9f03f</ObjectKey></Node></From><To><Node type="urn:com:soa:ObjectKey"><ObjectKey class="com.soa.wsdl.model.impl.WsdlBindingImpl">uddi:9e9546bf-c40b-91bd-7e97-aaecd15a9d84</ObjectKey></Node></To></Link><Link type="service->operation:child"><From><Node type="urn:com:soa:ObjectKey"><ObjectKey class="com.soa.service.model.ServiceKey">uddi:b4959d0b-e7b8-11e4-94bf-b0d1b8a1a875</ObjectKey></Node></From><To><Node type="urn:com:soa:ObjectKey"><ObjectKey class="com.soa.service.operation.model.OperationKey">b4dc1bf1-e7b8-11e4-94bf-b0d1b8a1a875</ObjectKey></Node></To></Link><Link type="service->org:parent"><From><Node type="urn:com:soa:ObjectKey"><ObjectKey class="com.soa.service.model.ServiceKey">uddi:b4959d0b-e7b8-11e4-94bf-b0d1b8a1a875</ObjectKey></Node></From><To><Node type="urn:com:soa:ObjectKey"><ObjectKey class="com.soa.organization.model.OrganizationKey">uddi:d456e649-e6f8-11e4-94bf-b0d1b8a1a875</ObjectKey></Node></To></Link><Link type="service->endpoint:child"><From><Node type="urn:com:soa:ObjectKey"><ObjectKey class="com.soa.service.model.ServiceKey">uddi:b37f9913-e7b8-11e4-94bf-b0d1b8a1a875</ObjectKey></Node></From><To><Node type="urn:com:soa:ObjectKey"><ObjectKey class="com.soa.service.endpoint.EndpointKey">uddi:b4819fd9-e7b8-11e4-94bf-b0d1b8a1a875</ObjectKey></Node></To></Link><Link type="service->identity:refer"><From><Node type="urn:com:soa:ObjectKey"><ObjectKey class="com.soa.service.model.ServiceKey">uddi:b37f9913-e7b8-11e4-94bf-b0d1b8a1a875</ObjectKey></Node></From><To><Node type="urn:com:soa:ObjectKey"><ObjectKey class="com.soa.security.util.QualifiedUserName">Local Domain\BYwrped0eM1fbFxrWa9FKw==</ObjectKey></Node></To></Link><Link type="proxysvc->service:proxyFor"><From><Node type="urn:com:soa:ObjectKey"><ObjectKey class="com.soa.service.model.ServiceKey">uddi:db2fa915-e7b8-11e4-94bf-b0d1b8a1a875</ObjectKey></Node></From><To><Node type="urn:com:soa:ObjectKey"><ObjectKey class="com.soa.service.model.ServiceKey">uddi:dabf5c0d-e7b8-11e4-94bf-b0d1b8a1a875</ObjectKey></Node></To></Link><Link type="service->bndoperation:child"><From><Node type="urn:com:soa:ObjectKey"><ObjectKey class="com.soa.service.model.ServiceKey">uddi:db2fa915-e7b8-11e4-94bf-b0d1b8a1a875</ObjectKey></Node></From><To><Node type="urn:com:soa:ObjectKey"><ObjectKey class="com.soa.service.operation.model.BindingOperationQualifiedKey">{https://login.akana.salesforce.com/services/oauth2}SalesforceAuthentication_vs0$$${https://login.akana.salesforce.com/services/oauth2}SalesforceAuthentication_Binding$$$POST__token</ObjectKey></Node></To></Link><Link type="interface->service:implements"><From><Node type="urn:com:soa:ObjectKey"><ObjectKey class="com.soa.wsdl.model.impl.WsdlInterfaceImpl">uddi:284b1cff-2936-9fc8-7d13-b21943e9f03f</ObjectKey></Node></From><To><Node type="urn:com:soa:ObjectKey"><ObjectKey class="com.soa.service.model.ServiceKey">uddi:b37f9913-e7b8-11e4-94bf-b0d1b8a1a875</ObjectKey></Node></To></Link><Link type="contract->org:ReferredBy"><From><Node type="urn:com:soa:ObjectKey"><ObjectKey class="com.soa.contracts.ContractKey">85592b8b-e6ff-11e4-94bf-b0d1b8a1a875:1021</ObjectKey></Node></From><To><Node type="urn:com:soa:ObjectKey"><ObjectKey class="com.soa.organization.model.OrganizationKey">uddi:d456e649-e6f8-11e4-94bf-b0d1b8a1a875</ObjectKey></Node></To></Link><Link type="operation->service:parent"><From><Node type="urn:com:soa:ObjectKey"><ObjectKey class="com.soa.service.operation.model.OperationKey">b4dc1bf1-e7b8-11e4-94bf-b0d1b8a1a875</ObjectKey></Node></From><To><Node type="urn:com:soa:ObjectKey"><ObjectKey class="com.soa.service.model.ServiceKey">uddi:b4959d0b-e7b8-11e4-94bf-b0d1b8a1a875</ObjectKey></Node></To></Link><Link type="service->identity:refer"><From><Node type="urn:com:soa:ObjectKey"><ObjectKey class="com.soa.service.model.ServiceKey">uddi:b4959d0b-e7b8-11e4-94bf-b0d1b8a1a875</ObjectKey></Node></From><To><Node type="urn:com:soa:ObjectKey"><ObjectKey class="com.soa.security.util.QualifiedUserName">Local Domain\oQxTBwOSmAQ6EqD0wad83g==</ObjectKey></Node></To></Link><Link type="org->service:child"><From><Node type="urn:com:soa:ObjectKey"><ObjectKey class="com.soa.organization.model.OrganizationKey">uddi:d456e649-e6f8-11e4-94bf-b0d1b8a1a875</ObjectKey></Node></From><To><Node type="urn:com:soa:ObjectKey"><ObjectKey class="com.soa.service.model.ServiceKey">uddi:b37f9913-e7b8-11e4-94bf-b0d1b8a1a875</ObjectKey></Node></To></Link><Link type="identity->service:ReferredBy"><From><Node type="urn:com:soa:ObjectKey"><ObjectKey class="com.soa.security.util.QualifiedUserName">Local Domain\D04Xb0dPb0fOLsS#jjB6HA==</ObjectKey></Node></From><To><Node type="urn:com:soa:ObjectKey"><ObjectKey class="com.soa.service.model.ServiceKey">uddi:dabf5c0d-e7b8-11e4-94bf-b0d1b8a1a875</ObjectKey></Node></To></Link><Link type="service->identity:refer"><From><Node type="urn:com:soa:ObjectKey"><ObjectKey class="com.soa.service.model.ServiceKey">uddi:db2fa915-e7b8-11e4-94bf-b0d1b8a1a875</ObjectKey></Node></From><To><Node type="urn:com:soa:ObjectKey"><ObjectKey class="com.soa.security.util.QualifiedUserName">Local Domain\7ClTs51vig2tA29WpUvlAg==</ObjectKey></Node></To></Link><Link type="operation->service:parent"><From><Node type="urn:com:soa:ObjectKey"><ObjectKey class="com.soa.service.operation.model.OperationKey">b4e0fdf9-e7b8-11e4-94bf-b0d1b8a1a875</ObjectKey></Node></From><To><Node type="urn:com:soa:ObjectKey"><ObjectKey class="com.soa.service.model.ServiceKey">uddi:b4959d0b-e7b8-11e4-94bf-b0d1b8a1a875</ObjectKey></Node></To></Link><Link type="operation->service:parent"><From><Node type="urn:com:soa:ObjectKey"><ObjectKey class="com.soa.service.operation.model.OperationKey">db11e7e1-e7b8-11e4-94bf-b0d1b8a1a875</ObjectKey></Node></From><To><Node type="urn:com:soa:ObjectKey"><ObjectKey class="com.soa.service.model.ServiceKey">uddi:dabf5c0d-e7b8-11e4-94bf-b0d1b8a1a875</ObjectKey></Node></To></Link><Link type="service->bndoperation:child"><From><Node type="urn:com:soa:ObjectKey"><ObjectKey class="com.soa.service.model.ServiceKey">uddi:b4959d0b-e7b8-11e4-94bf-b0d1b8a1a875</ObjectKey></Node></From><To><Node type="urn:com:soa:ObjectKey"><ObjectKey class="com.soa.service.operation.model.BindingOperationQualifiedKey">{https://akana.salesforce.com/services/data/v20.0/}SalesforceV20_API_vs0$$${https://akana.salesforce.com/services/data/v20.0/}SalesforceV20_API_Binding$$$POST__sobjects_Account</ObjectKey></Node></To></Link><Link type="operation->service:parent"><From><Node type="urn:com:soa:ObjectKey"><ObjectKey class="com.soa.service.operation.model.OperationKey">b4dcdf44-e7b8-11e4-94bf-b0d1b8a1a875</ObjectKey></Node></From><To><Node type="urn:com:soa:ObjectKey"><ObjectKey class="com.soa.service.model.ServiceKey">uddi:b4959d0b-e7b8-11e4-94bf-b0d1b8a1a875</ObjectKey></Node></To></Link><Link type="bndoperation->service:parent"><From><Node type="urn:com:soa:ObjectKey"><ObjectKey class="com.soa.service.operation.model.BindingOperationQualifiedKey">{https://akana.salesforce.com/services/data/v20.0/}SalesforceV20_API$$${https://akana.salesforce.com/services/data/v20.0/}SalesforceV20_API_Binding$$$GET__sobjects_Account__id_</ObjectKey></Node></From><To><Node type="urn:com:soa:ObjectKey"><ObjectKey class="com.soa.service.model.ServiceKey">uddi:b37f9913-e7b8-11e4-94bf-b0d1b8a1a875</ObjectKey></Node></To></Link><Link type="service->bndoperation:child"><From><Node type="urn:com:soa:ObjectKey"><ObjectKey class="com.soa.service.model.ServiceKey">uddi:b37f9913-e7b8-11e4-94bf-b0d1b8a1a875</ObjectKey></Node></From><To><Node type="urn:com:soa:ObjectKey"><ObjectKey class="com.soa.service.operation.model.BindingOperationQualifiedKey">{https://akana.salesforce.com/services/data/v20.0/}SalesforceV20_API$$${https://akana.salesforce.com/services/data/v20.0/}SalesforceV20_API_Binding$$$GET__sobjects_Account__id_</ObjectKey></Node></To></Link><Link type="endpoint->service:parent"><From><Node type="urn:com:soa:ObjectKey"><ObjectKey class="com.soa.service.endpoint.EndpointKey">uddi:b4819fd9-e7b8-11e4-94bf-b0d1b8a1a875</ObjectKey></Node></From><To><Node type="urn:com:soa:ObjectKey"><ObjectKey class="com.soa.service.model.ServiceKey">uddi:b37f9913-e7b8-11e4-94bf-b0d1b8a1a875</ObjectKey></Node></To></Link><Link type="bndoperation->service:parent"><From><Node type="urn:com:soa:ObjectKey"><ObjectKey class="com.soa.service.operation.model.BindingOperationQualifiedKey">{https://akana.salesforce.com/services/data/v20.0/}SalesforceV20_API_vs0$$${https://akana.salesforce.com/services/data/v20.0/}SalesforceV20_API_Binding$$$POST__sobjects_Account</ObjectKey></Node></From><To><Node type="urn:com:soa:ObjectKey"><ObjectKey class="com.soa.service.model.ServiceKey">uddi:b4959d0b-e7b8-11e4-94bf-b0d1b8a1a875</ObjectKey></Node></To></Link><Link type="operation->service:parent"><From><Node type="urn:com:soa:ObjectKey"><ObjectKey class="com.soa.service.operation.model.OperationKey">db767619-e7b8-11e4-94bf-b0d1b8a1a875</ObjectKey></Node></From><To><Node type="urn:com:soa:ObjectKey"><ObjectKey class="com.soa.service.model.ServiceKey">uddi:db2fa915-e7b8-11e4-94bf-b0d1b8a1a875</ObjectKey></Node></To></Link><Link type="service->operation:child"><From><Node type="urn:com:soa:ObjectKey"><ObjectKey class="com.soa.service.model.ServiceKey">uddi:b4959d0b-e7b8-11e4-94bf-b0d1b8a1a875</ObjectKey></Node></From><To><Node type="urn:com:soa:ObjectKey"><ObjectKey class="com.soa.service.operation.model.OperationKey">b4df0226-e7b8-11e4-94bf-b0d1b8a1a875</ObjectKey></Node></To></Link><Link type="bpel->virtualop:routedBy"><From><Node type="urn:com:soa:ObjectKey"><ObjectKey class="com.soa.bpel.BpelKey">bpel:b50bde90-e7b8-11e4-94bf-b0d1b8a1a875</ObjectKey></Node></From><To><Node type="urn:com:soa:ObjectKey"><ObjectKey class="com.soa.service.operation.model.OperationKey">b4d9f90f-e7b8-11e4-94bf-b0d1b8a1a875</ObjectKey></Node></To></Link><Link type="binding->service:implements"><From><Node type="urn:com:soa:ObjectKey"><ObjectKey class="com.soa.wsdl.model.impl.WsdlBindingImpl">uddi:9e9546bf-c40b-91bd-7e97-aaecd15a9d84</ObjectKey></Node></From><To><Node type="urn:com:soa:ObjectKey"><ObjectKey class="com.soa.service.model.ServiceKey">uddi:b4959d0b-e7b8-11e4-94bf-b0d1b8a1a875</ObjectKey></Node></To></Link><Link type="virtualop->bpel:route"><From><Node type="urn:com:soa:ObjectKey"><ObjectKey class="com.soa.service.operation.model.OperationKey">b4d9f90f-e7b8-11e4-94bf-b0d1b8a1a875</ObjectKey></Node></From><To><Node type="urn:com:soa:ObjectKey"><ObjectKey class="com.soa.bpel.BpelKey">bpel:b50bde90-e7b8-11e4-94bf-b0d1b8a1a875</ObjectKey></Node></To></Link><Link type="bndoperation->service:parent"><From><Node type="urn:com:soa:ObjectKey"><ObjectKey class="com.soa.service.operation.model.BindingOperationQualifiedKey">{https://akana.salesforce.com/services/data/v20.0/}SalesforceV20_API_vs0$$${https://akana.salesforce.com/services/data/v20.0/}SalesforceV20_API_Binding$$$GET__query</ObjectKey></Node></From><To><Node type="urn:com:soa:ObjectKey"><ObjectKey class="com.soa.service.model.ServiceKey">uddi:b4959d0b-e7b8-11e4-94bf-b0d1b8a1a875</ObjectKey></Node></To></Link><Link type="bpel->virtualop:routedBy"><From><Node type="urn:com:soa:ObjectKey"><ObjectKey class="com.soa.bpel.BpelKey">bpel:b51cce81-e7b8-11e4-94bf-b0d1b8a1a875</ObjectKey></Node></From><To><Node type="urn:com:soa:ObjectKey"><ObjectKey class="com.soa.service.operation.model.OperationKey">b4e0fdf9-e7b8-11e4-94bf-b0d1b8a1a875</ObjectKey></Node></To></Link><Link type="service->operation:child"><From><Node type="urn:com:soa:ObjectKey"><ObjectKey class="com.soa.service.model.ServiceKey">uddi:b37f9913-e7b8-11e4-94bf-b0d1b8a1a875</ObjectKey></Node></From><To><Node type="urn:com:soa:ObjectKey"><ObjectKey class="com.soa.service.operation.model.OperationKey">b459cc78-e7b8-11e4-94bf-b0d1b8a1a875</ObjectKey></Node></To></Link><Link type="binding->service:implements"><From><Node type="urn:com:soa:ObjectKey"><ObjectKey class="com.soa.wsdl.model.impl.WsdlBindingImpl">uddi:2c3397fa-5c64-76dd-4263-d42b953c7838</ObjectKey></Node></From><To><Node type="urn:com:soa:ObjectKey"><ObjectKey class="com.soa.service.model.ServiceKey">uddi:db2fa915-e7b8-11e4-94bf-b0d1b8a1a875</ObjectKey></Node></To></Link><Link type="virtualop->bpel:route"><From><Node type="urn:com:soa:ObjectKey"><ObjectKey class="com.soa.service.operation.model.OperationKey">b4e0fdf9-e7b8-11e4-94bf-b0d1b8a1a875</ObjectKey></Node></From><To><Node type="urn:com:soa:ObjectKey"><ObjectKey class="com.soa.bpel.BpelKey">bpel:b51cce81-e7b8-11e4-94bf-b0d1b8a1a875</ObjectKey></Node></To></Link><Link type="service->bndoperation:child"><From><Node type="urn:com:soa:ObjectKey"><ObjectKey class="com.soa.service.model.ServiceKey">uddi:b37f9913-e7b8-11e4-94bf-b0d1b8a1a875</ObjectKey></Node></From><To><Node type="urn:com:soa:ObjectKey"><ObjectKey class="com.soa.service.operation.model.BindingOperationQualifiedKey">{https://akana.salesforce.com/services/data/v20.0/}SalesforceV20_API$$${https://akana.salesforce.com/services/data/v20.0/}SalesforceV20_API_Binding$$$GET__sobjects_Lead__id_</ObjectKey></Node></To></Link><Link type="operation->service:parent"><From><Node type="urn:com:soa:ObjectKey"><ObjectKey class="com.soa.service.operation.model.OperationKey">b45deb2d-e7b8-11e4-94bf-b0d1b8a1a875</ObjectKey></Node></From><To><Node type="urn:com:soa:ObjectKey"><ObjectKey class="com.soa.service.model.ServiceKey">uddi:b37f9913-e7b8-11e4-94bf-b0d1b8a1a875</ObjectKey></Node></To></Link><Link type="proxysvc->service:proxyFor"><From><Node type="urn:com:soa:ObjectKey"><ObjectKey class="com.soa.service.model.ServiceKey">uddi:b4959d0b-e7b8-11e4-94bf-b0d1b8a1a875</ObjectKey></Node></From><To><Node type="urn:com:soa:ObjectKey"><ObjectKey class="com.soa.service.model.ServiceKey">uddi:b37f9913-e7b8-11e4-94bf-b0d1b8a1a875</ObjectKey></Node></To></Link><Link type="service->operation:child"><From><Node type="urn:com:soa:ObjectKey"><ObjectKey class="com.soa.service.model.ServiceKey">uddi:b37f9913-e7b8-11e4-94bf-b0d1b8a1a875</ObjectKey></Node></From><To><Node type="urn:com:soa:ObjectKey"><ObjectKey class="com.soa.service.operation.model.OperationKey">b45b2c0a-e7b8-11e4-94bf-b0d1b8a1a875</ObjectKey></Node></To></Link><Link type="bndoperation->service:parent"><From><Node type="urn:com:soa:ObjectKey"><ObjectKey class="com.soa.service.operation.model.BindingOperationQualifiedKey">{https://akana.salesforce.com/services/data/v20.0/}SalesforceV20_API$$${https://akana.salesforce.com/services/data/v20.0/}SalesforceV20_API_Binding$$$GET__sobjects_Lead__id_</ObjectKey></Node></From><To><Node type="urn:com:soa:ObjectKey"><ObjectKey class="com.soa.service.model.ServiceKey">uddi:b37f9913-e7b8-11e4-94bf-b0d1b8a1a875</ObjectKey></Node></To></Link><Link type="service->endpoint:child"><From><Node type="urn:com:soa:ObjectKey"><ObjectKey class="com.soa.service.model.ServiceKey">uddi:dabf5c0d-e7b8-11e4-94bf-b0d1b8a1a875</ObjectKey></Node></From><To><Node type="urn:com:soa:ObjectKey"><ObjectKey class="com.soa.service.endpoint.EndpointKey">uddi:db219f54-e7b8-11e4-94bf-b0d1b8a1a875</ObjectKey></Node></To></Link><Link type="service->operation:child"><From><Node type="urn:com:soa:ObjectKey"><ObjectKey class="com.soa.service.model.ServiceKey">uddi:b37f9913-e7b8-11e4-94bf-b0d1b8a1a875</ObjectKey></Node></From><To><Node type="urn:com:soa:ObjectKey"><ObjectKey class="com.soa.service.operation.model.OperationKey">b45ed58f-e7b8-11e4-94bf-b0d1b8a1a875</ObjectKey></Node></To></Link><Link type="service->endpoint:child"><From><Node type="urn:com:soa:ObjectKey"><ObjectKey class="com.soa.service.model.ServiceKey">uddi:db2fa915-e7b8-11e4-94bf-b0d1b8a1a875</ObjectKey></Node></From><To><Node type="urn:com:soa:ObjectKey"><ObjectKey class="com.soa.service.endpoint.EndpointKey">uddi:dbc8188e-e7b8-11e4-94bf-b0d1b8a1a875</ObjectKey></Node></To></Link><Link type="service->bndoperation:child"><From><Node type="urn:com:soa:ObjectKey"><ObjectKey class="com.soa.service.model.ServiceKey">uddi:b4959d0b-e7b8-11e4-94bf-b0d1b8a1a875</ObjectKey></Node></From><To><Node type="urn:com:soa:ObjectKey"><ObjectKey class="com.soa.service.operation.model.BindingOperationQualifiedKey">{https://akana.salesforce.com/services/data/v20.0/}SalesforceV20_API_vs0$$${https://akana.salesforce.com/services/data/v20.0/}SalesforceV20_API_Binding$$$GET__query</ObjectKey></Node></To></Link><Link type="service->org:parent"><From><Node type="urn:com:soa:ObjectKey"><ObjectKey class="com.soa.service.model.ServiceKey">uddi:b37f9913-e7b8-11e4-94bf-b0d1b8a1a875</ObjectKey></Node></From><To><Node type="urn:com:soa:ObjectKey"><ObjectKey class="com.soa.organization.model.OrganizationKey">uddi:d456e649-e6f8-11e4-94bf-b0d1b8a1a875</ObjectKey></Node></To></Link><Link type="binding->service:implements"><From><Node type="urn:com:soa:ObjectKey"><ObjectKey class="com.soa.wsdl.model.impl.WsdlBindingImpl">uddi:2c3397fa-5c64-76dd-4263-d42b953c7838</ObjectKey></Node></From><To><Node type="urn:com:soa:ObjectKey"><ObjectKey class="com.soa.service.model.ServiceKey">uddi:dabf5c0d-e7b8-11e4-94bf-b0d1b8a1a875</ObjectKey></Node></To></Link><Link type="service->bndoperation:child"><From><Node type="urn:com:soa:ObjectKey"><ObjectKey class="com.soa.service.model.ServiceKey">uddi:b37f9913-e7b8-11e4-94bf-b0d1b8a1a875</ObjectKey></Node></From><To><Node type="urn:com:soa:ObjectKey"><ObjectKey class="com.soa.service.operation.model.BindingOperationQualifiedKey">{https://akana.salesforce.com/services/data/v20.0/}SalesforceV20_API$$${https://akana.salesforce.com/services/data/v20.0/}SalesforceV20_API_Binding$$$GET__query</ObjectKey></Node></To></Link><Link type="binding->interface:ImplementedBy"><From><Node type="urn:com:soa:ObjectKey"><ObjectKey class="com.soa.wsdl.model.impl.WsdlBindingImpl">uddi:2c3397fa-5c64-76dd-4263-d42b953c7838</ObjectKey></Node></From><To><Node type="urn:com:soa:ObjectKey"><ObjectKey class="com.soa.wsdl.model.impl.WsdlInterfaceImpl">uddi:e80c956c-0061-f360-1812-6e097027946f</ObjectKey></Node></To></Link><Link type="service->binding:ImplementedBy"><From><Node type="urn:com:soa:ObjectKey"><ObjectKey class="com.soa.service.model.ServiceKey">uddi:b37f9913-e7b8-11e4-94bf-b0d1b8a1a875</ObjectKey></Node></From><To><Node type="urn:com:soa:ObjectKey"><ObjectKey class="com.soa.wsdl.model.impl.WsdlBindingImpl">uddi:9e9546bf-c40b-91bd-7e97-aaecd15a9d84</ObjectKey></Node></To></Link><Link type="service->bndoperation:child"><From><Node type="urn:com:soa:ObjectKey"><ObjectKey class="com.soa.service.model.ServiceKey">uddi:b37f9913-e7b8-11e4-94bf-b0d1b8a1a875</ObjectKey></Node></From><To><Node type="urn:com:soa:ObjectKey"><ObjectKey class="com.soa.service.operation.model.BindingOperationQualifiedKey">{https://akana.salesforce.com/services/data/v20.0/}SalesforceV20_API$$${https://akana.salesforce.com/services/data/v20.0/}SalesforceV20_API_Binding$$$POST__sobjects_Account</ObjectKey></Node></To></Link><Link type="binding->interface:ImplementedBy"><From><Node type="urn:com:soa:ObjectKey"><ObjectKey class="com.soa.wsdl.model.impl.WsdlBindingImpl">uddi:9e9546bf-c40b-91bd-7e97-aaecd15a9d84</ObjectKey></Node></From><To><Node type="urn:com:soa:ObjectKey"><ObjectKey class="com.soa.wsdl.model.impl.WsdlInterfaceImpl">uddi:284b1cff-2936-9fc8-7d13-b21943e9f03f</ObjectKey></Node></To></Link><Link type="bndoperation->service:parent"><From><Node type="urn:com:soa:ObjectKey"><ObjectKey class="com.soa.service.operation.model.BindingOperationQualifiedKey">{https://akana.salesforce.com/services/data/v20.0/}SalesforceV20_API_vs0$$${https://akana.salesforce.com/services/data/v20.0/}SalesforceV20_API_Binding$$$GET__sobjects_Account__id_</ObjectKey></Node></From><To><Node type="urn:com:soa:ObjectKey"><ObjectKey class="com.soa.service.model.ServiceKey">uddi:b4959d0b-e7b8-11e4-94bf-b0d1b8a1a875</ObjectKey></Node></To></Link><Link type="endpoint->service:parent"><From><Node type="urn:com:soa:ObjectKey"><ObjectKey class="com.soa.service.endpoint.EndpointKey">uddi:b5d08e25-e7b8-11e4-94bf-b0d1b8a1a875</ObjectKey></Node></From><To><Node type="urn:com:soa:ObjectKey"><ObjectKey class="com.soa.service.model.ServiceKey">uddi:b4959d0b-e7b8-11e4-94bf-b0d1b8a1a875</ObjectKey></Node></To></Link><Link type="service->interface:ImplementedBy"><From><Node type="urn:com:soa:ObjectKey"><ObjectKey class="com.soa.service.model.ServiceKey">uddi:b37f9913-e7b8-11e4-94bf-b0d1b8a1a875</ObjectKey></Node></From><To><Node type="urn:com:soa:ObjectKey"><ObjectKey class="com.soa.wsdl.model.impl.WsdlInterfaceImpl">uddi:284b1cff-2936-9fc8-7d13-b21943e9f03f</ObjectKey></Node></To></Link><Link type="org->contract:refer"><From><Node type="urn:com:soa:ObjectKey"><ObjectKey class="com.soa.organization.model.OrganizationKey">uddi:d456e649-e6f8-11e4-94bf-b0d1b8a1a875</ObjectKey></Node></From><To><Node type="urn:com:soa:ObjectKey"><ObjectKey class="com.soa.contracts.ContractKey">85592b8b-e6ff-11e4-94bf-b0d1b8a1a875:1021</ObjectKey></Node></To></Link><Link type="operation->service:parent"><From><Node type="urn:com:soa:ObjectKey"><ObjectKey class="com.soa.service.operation.model.OperationKey">b4d9f90f-e7b8-11e4-94bf-b0d1b8a1a875</ObjectKey></Node></From><To><Node type="urn:com:soa:ObjectKey"><ObjectKey class="com.soa.service.model.ServiceKey">uddi:b4959d0b-e7b8-11e4-94bf-b0d1b8a1a875</ObjectKey></Node></To></Link><Link type="service->bndoperation:child"><From><Node type="urn:com:soa:ObjectKey"><ObjectKey class="com.soa.service.model.ServiceKey">uddi:b4959d0b-e7b8-11e4-94bf-b0d1b8a1a875</ObjectKey></Node></From><To><Node type="urn:com:soa:ObjectKey"><ObjectKey class="com.soa.service.operation.model.BindingOperationQualifiedKey">{https://akana.salesforce.com/services/data/v20.0/}SalesforceV20_API_vs0$$${https://akana.salesforce.com/services/data/v20.0/}SalesforceV20_API_Binding$$$GET__sobjects_Account__id_</ObjectKey></Node></To></Link><Link type="identity->service:ReferredBy"><From><Node type="urn:com:soa:ObjectKey"><ObjectKey class="com.soa.security.util.QualifiedUserName">Local Domain\BYwrped0eM1fbFxrWa9FKw==</ObjectKey></Node></From><To><Node type="urn:com:soa:ObjectKey"><ObjectKey class="com.soa.service.model.ServiceKey">uddi:b37f9913-e7b8-11e4-94bf-b0d1b8a1a875</ObjectKey></Node></To></Link><Link type="service->operation:child"><From><Node type="urn:com:soa:ObjectKey"><ObjectKey class="com.soa.service.model.ServiceKey">uddi:b37f9913-e7b8-11e4-94bf-b0d1b8a1a875</ObjectKey></Node></From><To><Node type="urn:com:soa:ObjectKey"><ObjectKey class="com.soa.service.operation.model.OperationKey">b460f872-e7b8-11e4-94bf-b0d1b8a1a875</ObjectKey></Node></To></Link><Link type="bndoperation->service:parent"><From><Node type="urn:com:soa:ObjectKey"><ObjectKey class="com.soa.service.operation.model.BindingOperationQualifiedKey">{https://akana.salesforce.com/services/data/v20.0/}SalesforceV20_API$$${https://akana.salesforce.com/services/data/v20.0/}SalesforceV20_API_Binding$$$POST__sobjects_Account</ObjectKey></Node></From><To><Node type="urn:com:soa:ObjectKey"><ObjectKey class="com.soa.service.model.ServiceKey">uddi:b37f9913-e7b8-11e4-94bf-b0d1b8a1a875</ObjectKey></Node></To></Link><Link type="bndoperation->service:parent"><From><Node type="urn:com:soa:ObjectKey"><ObjectKey class="com.soa.service.operation.model.BindingOperationQualifiedKey">{https://akana.salesforce.com/services/data/v20.0/}SalesforceV20_API$$${https://akana.salesforce.com/services/data/v20.0/}SalesforceV20_API_Binding$$$GET__query</ObjectKey></Node></From><To><Node type="urn:com:soa:ObjectKey"><ObjectKey class="com.soa.service.model.ServiceKey">uddi:b37f9913-e7b8-11e4-94bf-b0d1b8a1a875</ObjectKey></Node></To></Link><Link type="virtualop->bpel:route"><From><Node type="urn:com:soa:ObjectKey"><ObjectKey class="com.soa.service.operation.model.OperationKey">b4dcdf44-e7b8-11e4-94bf-b0d1b8a1a875</ObjectKey></Node></From><To><Node type="urn:com:soa:ObjectKey"><ObjectKey class="com.soa.bpel.BpelKey">bpel:b54dc994-e7b8-11e4-94bf-b0d1b8a1a875</ObjectKey></Node></To></Link><Link type="bpel->virtualop:routedBy"><From><Node type="urn:com:soa:ObjectKey"><ObjectKey class="com.soa.bpel.BpelKey">bpel:b54dc994-e7b8-11e4-94bf-b0d1b8a1a875</ObjectKey></Node></From><To><Node type="urn:com:soa:ObjectKey"><ObjectKey class="com.soa.service.operation.model.OperationKey">b4dcdf44-e7b8-11e4-94bf-b0d1b8a1a875</ObjectKey></Node></To></Link><Link type="virtualop->bpel:route"><From><Node type="urn:com:soa:ObjectKey"><ObjectKey class="com.soa.service.operation.model.OperationKey">b4dc1bf1-e7b8-11e4-94bf-b0d1b8a1a875</ObjectKey></Node></From><To><Node type="urn:com:soa:ObjectKey"><ObjectKey class="com.soa.bpel.BpelKey">bpel:b53b2bf3-e7b8-11e4-94bf-b0d1b8a1a875</ObjectKey></Node></To></Link><Link type="bpel->virtualop:routedBy"><From><Node type="urn:com:soa:ObjectKey"><ObjectKey class="com.soa.bpel.BpelKey">bpel:b53b2bf3-e7b8-11e4-94bf-b0d1b8a1a875</ObjectKey></Node></From><To><Node type="urn:com:soa:ObjectKey"><ObjectKey class="com.soa.service.operation.model.OperationKey">b4dc1bf1-e7b8-11e4-94bf-b0d1b8a1a875</ObjectKey></Node></To></Link><Link type="interface->service:implements"><From><Node type="urn:com:soa:ObjectKey"><ObjectKey class="com.soa.wsdl.model.impl.WsdlInterfaceImpl">uddi:284b1cff-2936-9fc8-7d13-b21943e9f03f</ObjectKey></Node></From><To><Node type="urn:com:soa:ObjectKey"><ObjectKey class="com.soa.service.model.ServiceKey">uddi:b4959d0b-e7b8-11e4-94bf-b0d1b8a1a875</ObjectKey></Node></To></Link><Link type="interface->service:implements"><From><Node type="urn:com:soa:ObjectKey"><ObjectKey class="com.soa.wsdl.model.impl.WsdlInterfaceImpl">uddi:e80c956c-0061-f360-1812-6e097027946f</ObjectKey></Node></From><To><Node type="urn:com:soa:ObjectKey"><ObjectKey class="com.soa.service.model.ServiceKey">uddi:db2fa915-e7b8-11e4-94bf-b0d1b8a1a875</ObjectKey></Node></To></Link><Link type="identity->service:ReferredBy"><From><Node type="urn:com:soa:ObjectKey"><ObjectKey class="com.soa.security.util.QualifiedUserName">Local Domain\oQxTBwOSmAQ6EqD0wad83g==</ObjectKey></Node></From><To><Node type="urn:com:soa:ObjectKey"><ObjectKey class="com.soa.service.model.ServiceKey">uddi:b4959d0b-e7b8-11e4-94bf-b0d1b8a1a875</ObjectKey></Node></To></Link><Link type="container->service:HostedBy"><From><Node type="urn:com:soa:ObjectKey"><ObjectKey class="com.soa.svccontainer.ContainerKey">283b5d7c-b1dc-456d-ad3d-98cb1fc5</ObjectKey></Node></From><To><Node type="urn:com:soa:ObjectKey"><ObjectKey class="com.soa.service.model.ServiceKey">uddi:db2fa915-e7b8-11e4-94bf-b0d1b8a1a875</ObjectKey></Node></To></Link><Link type="container->service:HostedBy"><From><Node type="urn:com:soa:ObjectKey"><ObjectKey class="com.soa.svccontainer.ContainerKey">283b5d7c-b1dc-456d-ad3d-98cb1fc5</ObjectKey></Node></From><To><Node type="urn:com:soa:ObjectKey"><ObjectKey class="com.soa.service.model.ServiceKey">uddi:b4959d0b-e7b8-11e4-94bf-b0d1b8a1a875</ObjectKey></Node></To></Link><Link type="service->operation:child"><From><Node type="urn:com:soa:ObjectKey"><ObjectKey class="com.soa.service.model.ServiceKey">uddi:b4959d0b-e7b8-11e4-94bf-b0d1b8a1a875</ObjectKey></Node></From><To><Node type="urn:com:soa:ObjectKey"><ObjectKey class="com.soa.service.operation.model.OperationKey">b4d9f90f-e7b8-11e4-94bf-b0d1b8a1a875</ObjectKey></Node></To></Link><Link type="org->contract:child"><From><Node type="urn:com:soa:ObjectKey"><ObjectKey class="com.soa.organization.model.OrganizationKey">uddi:d456e649-e6f8-11e4-94bf-b0d1b8a1a875</ObjectKey></Node></From><To><Node type="urn:com:soa:ObjectKey"><ObjectKey class="com.soa.contracts.ContractKey">85592b8b-e6ff-11e4-94bf-b0d1b8a1a875:1021</ObjectKey></Node></To></Link><Link type="endpoint->service:parent"><From><Node type="urn:com:soa:ObjectKey"><ObjectKey class="com.soa.service.endpoint.EndpointKey">uddi:db219f54-e7b8-11e4-94bf-b0d1b8a1a875</ObjectKey></Node></From><To><Node type="urn:com:soa:ObjectKey"><ObjectKey class="com.soa.service.model.ServiceKey">uddi:dabf5c0d-e7b8-11e4-94bf-b0d1b8a1a875</ObjectKey></Node></To></Link><Link type="operation->service:parent"><From><Node type="urn:com:soa:ObjectKey"><ObjectKey class="com.soa.service.operation.model.OperationKey">b460f872-e7b8-11e4-94bf-b0d1b8a1a875</ObjectKey></Node></From><To><Node type="urn:com:soa:ObjectKey"><ObjectKey class="com.soa.service.model.ServiceKey">uddi:b37f9913-e7b8-11e4-94bf-b0d1b8a1a875</ObjectKey></Node></To></Link><Link type="service->identity:refer"><From><Node type="urn:com:soa:ObjectKey"><ObjectKey class="com.soa.service.model.ServiceKey">uddi:dabf5c0d-e7b8-11e4-94bf-b0d1b8a1a875</ObjectKey></Node></From><To><Node type="urn:com:soa:ObjectKey"><ObjectKey class="com.soa.security.util.QualifiedUserName">Local Domain\D04Xb0dPb0fOLsS#jjB6HA==</ObjectKey></Node></To></Link><Link type="identity->service:ReferredBy"><From><Node type="urn:com:soa:ObjectKey"><ObjectKey class="com.soa.security.util.QualifiedUserName">Local Domain\7ClTs51vig2tA29WpUvlAg==</ObjectKey></Node></From><To><Node type="urn:com:soa:ObjectKey"><ObjectKey class="com.soa.service.model.ServiceKey">uddi:db2fa915-e7b8-11e4-94bf-b0d1b8a1a875</ObjectKey></Node></To></Link><Link type="contract->org:parent"><From><Node type="urn:com:soa:ObjectKey"><ObjectKey class="com.soa.contracts.ContractKey">85592b8b-e6ff-11e4-94bf-b0d1b8a1a875:1021</ObjectKey></Node></From><To><Node type="urn:com:soa:ObjectKey"><ObjectKey class="com.soa.organization.model.OrganizationKey">uddi:d456e649-e6f8-11e4-94bf-b0d1b8a1a875</ObjectKey></Node></To></Link><Link type="org->service:child"><From><Node type="urn:com:soa:ObjectKey"><ObjectKey class="com.soa.organization.model.OrganizationKey">uddi:d456e649-e6f8-11e4-94bf-b0d1b8a1a875</ObjectKey></Node></From><To><Node type="urn:com:soa:ObjectKey"><ObjectKey class="com.soa.service.model.ServiceKey">uddi:b4959d0b-e7b8-11e4-94bf-b0d1b8a1a875</ObjectKey></Node></To></Link><Link type="org->service:child"><From><Node type="urn:com:soa:ObjectKey"><ObjectKey class="com.soa.organization.model.OrganizationKey">uddi:d456e649-e6f8-11e4-94bf-b0d1b8a1a875</ObjectKey></Node></From><To><Node type="urn:com:soa:ObjectKey"><ObjectKey class="com.soa.service.model.ServiceKey">uddi:db2fa915-e7b8-11e4-94bf-b0d1b8a1a875</ObjectKey></Node></To></Link><Link type="endpoint->service:parent"><From><Node type="urn:com:soa:ObjectKey"><ObjectKey class="com.soa.service.endpoint.EndpointKey">uddi:dbc8188e-e7b8-11e4-94bf-b0d1b8a1a875</ObjectKey></Node></From><To><Node type="urn:com:soa:ObjectKey"><ObjectKey class="com.soa.service.model.ServiceKey">uddi:db2fa915-e7b8-11e4-94bf-b0d1b8a1a875</ObjectKey></Node></To></Link><Link type="service->container:Hosts"><From><Node type="urn:com:soa:ObjectKey"><ObjectKey class="com.soa.service.model.ServiceKey">uddi:db2fa915-e7b8-11e4-94bf-b0d1b8a1a875</ObjectKey></Node></From><To><Node type="urn:com:soa:ObjectKey"><ObjectKey class="com.soa.svccontainer.ContainerKey">283b5d7c-b1dc-456d-ad3d-98cb1fc5</ObjectKey></Node></To></Link><Link type="bndoperation->service:parent"><From><Node type="urn:com:soa:ObjectKey"><ObjectKey class="com.soa.service.operation.model.BindingOperationQualifiedKey">{https://akana.salesforce.com/services/data/v20.0/}SalesforceV20_API$$${https://akana.salesforce.com/services/data/v20.0/}SalesforceV20_API_Binding$$$POST__sobjects_Lead</ObjectKey></Node></From><To><Node type="urn:com:soa:ObjectKey"><ObjectKey class="com.soa.service.model.ServiceKey">uddi:b37f9913-e7b8-11e4-94bf-b0d1b8a1a875</ObjectKey></Node></To></Link><Link type="operation->service:parent"><From><Node type="urn:com:soa:ObjectKey"><ObjectKey class="com.soa.service.operation.model.OperationKey">b459cc78-e7b8-11e4-94bf-b0d1b8a1a875</ObjectKey></Node></From><To><Node type="urn:com:soa:ObjectKey"><ObjectKey class="com.soa.service.model.ServiceKey">uddi:b37f9913-e7b8-11e4-94bf-b0d1b8a1a875</ObjectKey></Node></To></Link><Link type="bndoperation->service:parent"><From><Node type="urn:com:soa:ObjectKey"><ObjectKey class="com.soa.service.operation.model.BindingOperationQualifiedKey">{https://login.akana.salesforce.com/services/oauth2}SalesforceAuthentication$$${https://login.akana.salesforce.com/services/oauth2}SalesforceAuthentication_Binding$$$POST__token</ObjectKey></Node></From><To><Node type="urn:com:soa:ObjectKey"><ObjectKey class="com.soa.service.model.ServiceKey">uddi:dabf5c0d-e7b8-11e4-94bf-b0d1b8a1a875</ObjectKey></Node></To></Link><Link type="service->container:Hosts"><From><Node type="urn:com:soa:ObjectKey"><ObjectKey class="com.soa.service.model.ServiceKey">uddi:b4959d0b-e7b8-11e4-94bf-b0d1b8a1a875</ObjectKey></Node></From><To><Node type="urn:com:soa:ObjectKey"><ObjectKey class="com.soa.svccontainer.ContainerKey">283b5d7c-b1dc-456d-ad3d-98cb1fc5</ObjectKey></Node></To></Link><Link type="interface->service:implements"><From><Node type="urn:com:soa:ObjectKey"><ObjectKey class="com.soa.wsdl.model.impl.WsdlInterfaceImpl">uddi:e80c956c-0061-f360-1812-6e097027946f</ObjectKey></Node></From><To><Node type="urn:com:soa:ObjectKey"><ObjectKey class="com.soa.service.model.ServiceKey">uddi:dabf5c0d-e7b8-11e4-94bf-b0d1b8a1a875</ObjectKey></Node></To></Link><Link type="service->endpoint:child"><From><Node type="urn:com:soa:ObjectKey"><ObjectKey class="com.soa.service.model.ServiceKey">uddi:b4959d0b-e7b8-11e4-94bf-b0d1b8a1a875</ObjectKey></Node></From><To><Node type="urn:com:soa:ObjectKey"><ObjectKey class="com.soa.service.endpoint.EndpointKey">uddi:b5d08e25-e7b8-11e4-94bf-b0d1b8a1a875</ObjectKey></Node></To></Link><Link type="service->operation:child"><From><Node type="urn:com:soa:ObjectKey"><ObjectKey class="com.soa.service.model.ServiceKey">uddi:b37f9913-e7b8-11e4-94bf-b0d1b8a1a875</ObjectKey></Node></From><To><Node type="urn:com:soa:ObjectKey"><ObjectKey class="com.soa.service.operation.model.OperationKey">b45deb2d-e7b8-11e4-94bf-b0d1b8a1a875</ObjectKey></Node></To></Link><Link type="operation->service:parent"><From><Node type="urn:com:soa:ObjectKey"><ObjectKey class="com.soa.service.operation.model.OperationKey">b45b2c0a-e7b8-11e4-94bf-b0d1b8a1a875</ObjectKey></Node></From><To><Node type="urn:com:soa:ObjectKey"><ObjectKey class="com.soa.service.model.ServiceKey">uddi:b37f9913-e7b8-11e4-94bf-b0d1b8a1a875</ObjectKey></Node></To></Link><Link type="org->service:child"><From><Node type="urn:com:soa:ObjectKey"><ObjectKey class="com.soa.organization.model.OrganizationKey">uddi:d456e649-e6f8-11e4-94bf-b0d1b8a1a875</ObjectKey></Node></From><To><Node type="urn:com:soa:ObjectKey"><ObjectKey class="com.soa.service.model.ServiceKey">uddi:dabf5c0d-e7b8-11e4-94bf-b0d1b8a1a875</ObjectKey></Node></To></Link><Link type="service->bndoperation:child"><From><Node type="urn:com:soa:ObjectKey"><ObjectKey class="com.soa.service.model.ServiceKey">uddi:b37f9913-e7b8-11e4-94bf-b0d1b8a1a875</ObjectKey></Node></From><To><Node type="urn:com:soa:ObjectKey"><ObjectKey class="com.soa.service.operation.model.BindingOperationQualifiedKey">{https://akana.salesforce.com/services/data/v20.0/}SalesforceV20_API$$${https://akana.salesforce.com/services/data/v20.0/}SalesforceV20_API_Binding$$$POST__sobjects_Lead</ObjectKey></Node></To></Link><Link type="service->bndoperation:child"><From><Node type="urn:com:soa:ObjectKey"><ObjectKey class="com.soa.service.model.ServiceKey">uddi:dabf5c0d-e7b8-11e4-94bf-b0d1b8a1a875</ObjectKey></Node></From><To><Node type="urn:com:soa:ObjectKey"><ObjectKey class="com.soa.service.operation.model.BindingOperationQualifiedKey">{https://login.akana.salesforce.com/services/oauth2}SalesforceAuthentication$$${https://login.akana.salesforce.com/services/oauth2}SalesforceAuthentication_Binding$$$POST__token</ObjectKey></Node></To></Link><Link type="operation->service:parent"><From><Node type="urn:com:soa:ObjectKey"><ObjectKey class="com.soa.service.operation.model.OperationKey">b45ed58f-e7b8-11e4-94bf-b0d1b8a1a875</ObjectKey></Node></From><To><Node type="urn:com:soa:ObjectKey"><ObjectKey class="com.soa.service.model.ServiceKey">uddi:b37f9913-e7b8-11e4-94bf-b0d1b8a1a875</ObjectKey></Node></To></Link></Links></DepedendencyGraph>