<?xml version="1.0" encoding="UTF-8"?>
<ns2:ExportConfiguration xmlns:ns1="http://digev.com/uri/products/Types/xsd/1.0" xmlns:ns10="http://soa.com/uri/products/IdentityAuthorization/xsd/1.0" xmlns:ns11="http://soa.com/uri/products/Policy/xsd/1.0" xmlns:ns12="http://digev.com/uri/products/AlertManager/xsd/1.0" xmlns:ns13="http://soa.com/uri/products/Contracts/xsd/1.0" xmlns:ns14="http://digev.com/uri/products/PolicyManager/xsd/1.0" xmlns:ns15="urn:uddi-org:sub_v3" xmlns:ns2="http://www.soa.com/uri/products/ServiceManagerMigration/xsd/1.0" xmlns:ns3="http://digev.com/uri/products/ManagementServer/xsd/1.0" xmlns:ns4="http://www.soa.com/uri/products/SLAPolicy/xsd/1.0" xmlns:ns5="urn:uddi-org:api_v3" xmlns:ns6="http://www.w3.org/2000/09/xmldsig#" xmlns:ns7="http://soa.com/uri/products/ServiceProperties/1.0" xmlns:ns8="http://soa.com/uri/products/ServiceEndpointProperties/1.0" xmlns:ns9="http://soa.com/uri/products/Organization/xsd/1.0"><ns2:SourceOrganization><ns1:Key>uddi:soa.com:registryorganization</ns1:Key></ns2:SourceOrganization><ns2:ExportObjectConfiguration><ns1:OrganizationKey><ns1:Key>uddi:d456e649-e6f8-11e4-94bf-b0d1b8a1a875</ns1:Key></ns1:OrganizationKey><ns2:ExportOrganization><ns9:Organization><ns9:OrganizationKey><ns1:Key>uddi:d456e649-e6f8-11e4-94bf-b0d1b8a1a875</ns1:Key></ns9:OrganizationKey><ns9:ParentKey><ns1:Key>uddi:soa.com:registryorganization</ns1:Key></ns9:ParentKey><ns9:Name>SalesForce API Hook</ns9:Name><ns9:Description></ns9:Description><ns9:OrganizationType>Project</ns9:OrganizationType></ns9:Organization><ns5:businessEntity businessKey="uddi:d456e649-e6f8-11e4-94bf-b0d1b8a1a875"><ns5:name>SalesForce API Hook</ns5:name><ns5:categoryBag><ns5:keyedReferenceGroup tModelKey="uddi:soa.com:organization:group"><ns5:keyedReference keyName="Organization type" keyValue="Project" tModelKey="uddi:soa.com:categorization:organizationtype"/></ns5:keyedReferenceGroup></ns5:categoryBag></ns5:businessEntity></ns2:ExportOrganization></ns2:ExportObjectConfiguration><ns2:ExportObjectConfiguration><ns1:BpelKey><ns1:Key>bpel:b50bde90-e7b8-11e4-94bf-b0d1b8a1a875</ns1:Key></ns1:BpelKey><ns2:ExportBpel><ns2:BpelUri>bpels/bpel_b50bde90-e7b8-11e4-94bf-b0d1b8a1a875.xml</ns2:BpelUri></ns2:ExportBpel></ns2:ExportObjectConfiguration><ns2:ExportObjectConfiguration><ns1:BpelKey><ns1:Key>bpel:b54dc994-e7b8-11e4-94bf-b0d1b8a1a875</ns1:Key></ns1:BpelKey><ns2:ExportBpel><ns2:BpelUri>bpels/bpel_b54dc994-e7b8-11e4-94bf-b0d1b8a1a875.xml</ns2:BpelUri></ns2:ExportBpel></ns2:ExportObjectConfiguration><ns2:ExportObjectConfiguration><ns1:BpelKey><ns1:Key>bpel:b53b2bf3-e7b8-11e4-94bf-b0d1b8a1a875</ns1:Key></ns1:BpelKey><ns2:ExportBpel><ns2:BpelUri>bpels/bpel_b53b2bf3-e7b8-11e4-94bf-b0d1b8a1a875.xml</ns2:BpelUri></ns2:ExportBpel></ns2:ExportObjectConfiguration><ns2:ExportObjectConfiguration><ns1:BpelKey><ns1:Key>bpel:b52b7482-e7b8-11e4-94bf-b0d1b8a1a875</ns1:Key></ns1:BpelKey><ns2:ExportBpel><ns2:BpelUri>bpels/bpel_b52b7482-e7b8-11e4-94bf-b0d1b8a1a875.xml</ns2:BpelUri></ns2:ExportBpel></ns2:ExportObjectConfiguration><ns2:ExportObjectConfiguration><ns1:BpelKey><ns1:Key>bpel:b51cce81-e7b8-11e4-94bf-b0d1b8a1a875</ns1:Key></ns1:BpelKey><ns2:ExportBpel><ns2:BpelUri>bpels/bpel_b51cce81-e7b8-11e4-94bf-b0d1b8a1a875.xml</ns2:BpelUri></ns2:ExportBpel></ns2:ExportObjectConfiguration><ns2:ExportObjectConfiguration><ns1:BpelKey><ns1:Key>bpel:db9bff7d-e7b8-11e4-94bf-b0d1b8a1a875</ns1:Key></ns1:BpelKey><ns2:ExportBpel><ns2:BpelUri>bpels/bpel_db9bff7d-e7b8-11e4-94bf-b0d1b8a1a875.xml</ns2:BpelUri></ns2:ExportBpel></ns2:ExportObjectConfiguration><ns2:ExportObjectConfiguration><ns1:InterfaceKey><ns1:Key>uddi:284b1cff-2936-9fc8-7d13-b21943e9f03f</ns1:Key><ns1:InterfaceQName>{https://akana.salesforce.com/services/data/v20.0/}SalesforceV20_API_PortType</ns1:InterfaceQName></ns1:InterfaceKey><ns2:ExportInterface><ns5:tModel deleted="false" tModelKey="uddi:284b1cff-2936-9fc8-7d13-b21943e9f03f"><ns5:name>SalesforceV20_API_PortType</ns5:name><ns5:categoryBag><ns5:keyedReference keyName="portType namespace" keyValue="https://akana.salesforce.com/services/data/v20.0/" tModelKey="uddi:uddi.org:xml:namespace"/><ns5:keyedReference keyName="WSDL type" keyValue="portType" tModelKey="uddi:uddi.org:wsdl:types"/></ns5:categoryBag></ns5:tModel><ns2:InterfaceWsdlUri>wsdls/uddi_284b1cff-2936-9fc8-7d13-b21943e9f03f.wsdl</ns2:InterfaceWsdlUri></ns2:ExportInterface></ns2:ExportObjectConfiguration><ns2:ExportObjectConfiguration><ns1:InterfaceKey><ns1:Key>uddi:e80c956c-0061-f360-1812-6e097027946f</ns1:Key><ns1:InterfaceQName>{https://login.akana.salesforce.com/services/oauth2}SalesforceAuthentication_PortType</ns1:InterfaceQName></ns1:InterfaceKey><ns2:ExportInterface><ns5:tModel deleted="false" tModelKey="uddi:e80c956c-0061-f360-1812-6e097027946f"><ns5:name>SalesforceAuthentication_PortType</ns5:name><ns5:categoryBag><ns5:keyedReference keyName="portType namespace" keyValue="https://login.akana.salesforce.com/services/oauth2" tModelKey="uddi:uddi.org:xml:namespace"/><ns5:keyedReference keyName="WSDL type" keyValue="portType" tModelKey="uddi:uddi.org:wsdl:types"/></ns5:categoryBag></ns5:tModel><ns2:InterfaceWsdlUri>wsdls/uddi_e80c956c-0061-f360-1812-6e097027946f.wsdl</ns2:InterfaceWsdlUri></ns2:ExportInterface></ns2:ExportObjectConfiguration><ns2:ExportObjectConfiguration><ns1:BindingKey><ns1:Key>uddi:2c3397fa-5c64-76dd-4263-d42b953c7838</ns1:Key><ns1:BindingQName>{https://login.akana.salesforce.com/services/oauth2}SalesforceAuthentication_Binding</ns1:BindingQName><ns1:BindingType>binding.http</ns1:BindingType></ns1:BindingKey><ns2:ExportBinding><ns5:tModel deleted="false" tModelKey="uddi:2c3397fa-5c64-76dd-4263-d42b953c7838"><ns5:name>SalesforceAuthentication_Binding</ns5:name><ns5:categoryBag><ns5:keyedReference keyName="binding namespace" keyValue="https://login.akana.salesforce.com/services/oauth2" tModelKey="uddi:uddi.org:xml:namespace"/><ns5:keyedReference keyName="WSDL type" keyValue="binding" tModelKey="uddi:uddi.org:wsdl:types"/><ns5:keyedReference keyName="portType Reference" keyValue="uddi:e80c956c-0061-f360-1812-6e097027946f" tModelKey="uddi:uddi.org:wsdl:porttypereference"/><ns5:keyedReference keyName="uddi-org:types" keyValue="wsdlSpec" tModelKey="uddi:uddi.org:categorization:types"/></ns5:categoryBag></ns5:tModel><ns2:BindingWsdlUri>wsdls/uddi_2c3397fa-5c64-76dd-4263-d42b953c7838.wsdl</ns2:BindingWsdlUri></ns2:ExportBinding></ns2:ExportObjectConfiguration><ns2:ExportObjectConfiguration><ns1:BindingKey><ns1:Key>uddi:9e9546bf-c40b-91bd-7e97-aaecd15a9d84</ns1:Key><ns1:BindingQName>{https://akana.salesforce.com/services/data/v20.0/}SalesforceV20_API_Binding</ns1:BindingQName><ns1:BindingType>binding.http</ns1:BindingType></ns1:BindingKey><ns2:ExportBinding><ns5:tModel deleted="false" tModelKey="uddi:9e9546bf-c40b-91bd-7e97-aaecd15a9d84"><ns5:name>SalesforceV20_API_Binding</ns5:name><ns5:categoryBag><ns5:keyedReference keyName="binding namespace" keyValue="https://akana.salesforce.com/services/data/v20.0/" tModelKey="uddi:uddi.org:xml:namespace"/><ns5:keyedReference keyName="WSDL type" keyValue="binding" tModelKey="uddi:uddi.org:wsdl:types"/><ns5:keyedReference keyName="portType Reference" keyValue="uddi:284b1cff-2936-9fc8-7d13-b21943e9f03f" tModelKey="uddi:uddi.org:wsdl:porttypereference"/><ns5:keyedReference keyName="uddi-org:types" keyValue="wsdlSpec" tModelKey="uddi:uddi.org:categorization:types"/></ns5:categoryBag></ns5:tModel><ns2:BindingWsdlUri>wsdls/uddi_9e9546bf-c40b-91bd-7e97-aaecd15a9d84.wsdl</ns2:BindingWsdlUri></ns2:ExportBinding></ns2:ExportObjectConfiguration><ns2:ExportObjectConfiguration><ns1:ServiceKey><ns1:Key>uddi:dabf5c0d-e7b8-11e4-94bf-b0d1b8a1a875</ns1:Key><ns1:ServiceQName>{https://login.akana.salesforce.com/services/oauth2}SalesforceAuthentication</ns1:ServiceQName></ns1:ServiceKey><ns2:ExportService><ns3:PhysicalService BusinessKey="uddi:d456e649-e6f8-11e4-94bf-b0d1b8a1a875" Discovered="false" ServiceKey="uddi:dabf5c0d-e7b8-11e4-94bf-b0d1b8a1a875" WsdlServiceLocalName="SalesforceAuthentication" WsdlTargetNamespaceUrl="https://login.akana.salesforce.com/services/oauth2"><ns3:Name>SalesforceAuthentication</ns3:Name><ns3:Description></ns3:Description><ns3:Operations><ns3:Operation InterfaceName="{https://login.akana.salesforce.com/services/oauth2}SalesforceAuthentication_PortType" ManagementState="Enabled" NumOfVirtualizedOperations="1" OperationKey="db11e7e1-e7b8-11e4-94bf-b0d1b8a1a875" OperationLastUpdatedAt="2015-04-20T23:56:26.497Z" OperationName="POST /token" PolicyAvailable="true" ServiceKey="uddi:dabf5c0d-e7b8-11e4-94bf-b0d1b8a1a875" WsdlOperationName="POST__token"/></ns3:Operations></ns3:PhysicalService><ns5:businessService businessKey="uddi:d456e649-e6f8-11e4-94bf-b0d1b8a1a875" serviceKey="uddi:dabf5c0d-e7b8-11e4-94bf-b0d1b8a1a875"><ns5:name>SalesforceAuthentication</ns5:name><ns5:bindingTemplates><ns5:bindingTemplate bindingKey="uddi:db219f54-e7b8-11e4-94bf-b0d1b8a1a875" serviceKey="uddi:dabf5c0d-e7b8-11e4-94bf-b0d1b8a1a875"><ns5:accessPoint useType="endPoint">https://login.akana.salesforce.com/services/oauth2</ns5:accessPoint><ns5:tModelInstanceDetails><ns5:tModelInstanceInfo tModelKey="uddi:2c3397fa-5c64-76dd-4263-d42b953c7838"><ns5:description>The wsdl:binding that this wsdl:port implements. The instanceParms specifies the port local name.</ns5:description><ns5:instanceDetails><ns5:instanceParms>SalesforceAuthentication_port</ns5:instanceParms></ns5:instanceDetails></ns5:tModelInstanceInfo><ns5:tModelInstanceInfo tModelKey="uddi:e80c956c-0061-f360-1812-6e097027946f"><ns5:description>The wsdl:portType that this wsdl:port implements.</ns5:description></ns5:tModelInstanceInfo></ns5:tModelInstanceDetails><ns5:categoryBag><ns5:keyedReference keyName="WSDL type" keyValue="port" tModelKey="uddi:uddi.org:wsdl:types"/></ns5:categoryBag></ns5:bindingTemplate></ns5:bindingTemplates><ns5:categoryBag><ns5:keyedReference keyName="Design" keyValue="Design" tModelKey="uddi:soa.com:servicelifecyclestage"/><ns5:keyedReference keyName="1.0" keyValue="fdf6246c-8cc4-45e6-bb91-972870e3c7f1" tModelKey="uddi:soa.com:serviceversion"/><ns5:keyedReference keyName="WSDL type" keyValue="service" tModelKey="uddi:uddi.org:wsdl:types"/><ns5:keyedReference keyName="service namespace" keyValue="https://login.akana.salesforce.com/services/oauth2" tModelKey="uddi:uddi.org:xml:namespace"/><ns5:keyedReference keyName="service local name" keyValue="SalesforceAuthentication" tModelKey="uddi:uddi.org:xml:localname"/><ns5:keyedReferenceGroup tModelKey="uddi:soa.com:service:group"/></ns5:categoryBag></ns5:businessService><ns2:ExportServiceEndpoint><ns8:ServiceEndpoint><ns8:ServiceKey>uddi:dabf5c0d-e7b8-11e4-94bf-b0d1b8a1a875</ns8:ServiceKey><ns8:Name>uddi:db219f54-e7b8-11e4-94bf-b0d1b8a1a875</ns8:Name><ns8:Url>https://login.akana.salesforce.com/services/oauth2</ns8:Url><ns8:BindingQName>{https://login.akana.salesforce.com/services/oauth2}SalesforceAuthentication_Binding</ns8:BindingQName><ns8:PortName>SalesforceAuthentication_port</ns8:PortName><ns8:Protocol>https</ns8:Protocol></ns8:ServiceEndpoint><ns2:EndpointWsdlUri>wsdls/uddi_db219f54-e7b8-11e4-94bf-b0d1b8a1a875.wsdl</ns2:EndpointWsdlUri></ns2:ExportServiceEndpoint></ns2:ExportService></ns2:ExportObjectConfiguration><ns2:ExportObjectConfiguration><ns1:ServiceKey><ns1:Key>uddi:b37f9913-e7b8-11e4-94bf-b0d1b8a1a875</ns1:Key><ns1:ServiceQName>{https://akana.salesforce.com/services/data/v20.0/}SalesforceV20_API</ns1:ServiceQName></ns1:ServiceKey><ns2:ExportService><ns3:PhysicalService BusinessKey="uddi:d456e649-e6f8-11e4-94bf-b0d1b8a1a875" Discovered="false" ServiceKey="uddi:b37f9913-e7b8-11e4-94bf-b0d1b8a1a875" WsdlServiceLocalName="SalesforceV20_API" WsdlTargetNamespaceUrl="https://akana.salesforce.com/services/data/v20.0/"><ns3:Name>SalesforceV20_API</ns3:Name><ns3:Description></ns3:Description><ns3:Operations><ns3:Operation InterfaceName="{https://akana.salesforce.com/services/data/v20.0/}SalesforceV20_API_PortType" ManagementState="Enabled" NumOfVirtualizedOperations="1" OperationKey="b459cc78-e7b8-11e4-94bf-b0d1b8a1a875" OperationLastUpdatedAt="2015-04-20T23:55:21.703Z" OperationName="GET /query" PolicyAvailable="true" ServiceKey="uddi:b37f9913-e7b8-11e4-94bf-b0d1b8a1a875" WsdlOperationName="GET__query"/><ns3:Operation InterfaceName="{https://akana.salesforce.com/services/data/v20.0/}SalesforceV20_API_PortType" ManagementState="Enabled" NumOfVirtualizedOperations="1" OperationKey="b45deb2d-e7b8-11e4-94bf-b0d1b8a1a875" OperationLastUpdatedAt="2015-04-20T23:55:21.703Z" OperationName="GET /sobjects/Account/{id}" PolicyAvailable="true" ServiceKey="uddi:b37f9913-e7b8-11e4-94bf-b0d1b8a1a875" WsdlOperationName="GET__sobjects_Account__id_"/><ns3:Operation InterfaceName="{https://akana.salesforce.com/services/data/v20.0/}SalesforceV20_API_PortType" ManagementState="Enabled" NumOfVirtualizedOperations="1" OperationKey="b460f872-e7b8-11e4-94bf-b0d1b8a1a875" OperationLastUpdatedAt="2015-04-20T23:55:21.703Z" OperationName="GET /sobjects/Lead/{id}" PolicyAvailable="true" ServiceKey="uddi:b37f9913-e7b8-11e4-94bf-b0d1b8a1a875" WsdlOperationName="GET__sobjects_Lead__id_"/><ns3:Operation InterfaceName="{https://akana.salesforce.com/services/data/v20.0/}SalesforceV20_API_PortType" ManagementState="Enabled" NumOfVirtualizedOperations="1" OperationKey="b45b2c0a-e7b8-11e4-94bf-b0d1b8a1a875" OperationLastUpdatedAt="2015-04-20T23:55:21.703Z" OperationName="POST /sobjects/Account" PolicyAvailable="true" ServiceKey="uddi:b37f9913-e7b8-11e4-94bf-b0d1b8a1a875" WsdlOperationName="POST__sobjects_Account"/><ns3:Operation InterfaceName="{https://akana.salesforce.com/services/data/v20.0/}SalesforceV20_API_PortType" ManagementState="Enabled" NumOfVirtualizedOperations="1" OperationKey="b45ed58f-e7b8-11e4-94bf-b0d1b8a1a875" OperationLastUpdatedAt="2015-04-20T23:55:21.703Z" OperationName="POST /sobjects/Lead" PolicyAvailable="true" ServiceKey="uddi:b37f9913-e7b8-11e4-94bf-b0d1b8a1a875" WsdlOperationName="POST__sobjects_Lead"/></ns3:Operations></ns3:PhysicalService><ns5:businessService businessKey="uddi:d456e649-e6f8-11e4-94bf-b0d1b8a1a875" serviceKey="uddi:b37f9913-e7b8-11e4-94bf-b0d1b8a1a875"><ns5:name>SalesforceV20_API</ns5:name><ns5:bindingTemplates><ns5:bindingTemplate bindingKey="uddi:b4819fd9-e7b8-11e4-94bf-b0d1b8a1a875" serviceKey="uddi:b37f9913-e7b8-11e4-94bf-b0d1b8a1a875"><ns5:accessPoint useType="endPoint">https://akana.salesforce.com/services/data/v20.0/</ns5:accessPoint><ns5:tModelInstanceDetails><ns5:tModelInstanceInfo tModelKey="uddi:9e9546bf-c40b-91bd-7e97-aaecd15a9d84"><ns5:description>The wsdl:binding that this wsdl:port implements. The instanceParms specifies the port local name.</ns5:description><ns5:instanceDetails><ns5:instanceParms>SalesforceV20_API_port</ns5:instanceParms></ns5:instanceDetails></ns5:tModelInstanceInfo><ns5:tModelInstanceInfo tModelKey="uddi:284b1cff-2936-9fc8-7d13-b21943e9f03f"><ns5:description>The wsdl:portType that this wsdl:port implements.</ns5:description></ns5:tModelInstanceInfo></ns5:tModelInstanceDetails><ns5:categoryBag><ns5:keyedReference keyName="WSDL type" keyValue="port" tModelKey="uddi:uddi.org:wsdl:types"/></ns5:categoryBag></ns5:bindingTemplate></ns5:bindingTemplates><ns5:categoryBag><ns5:keyedReference keyName="Design" keyValue="Design" tModelKey="uddi:soa.com:servicelifecyclestage"/><ns5:keyedReference keyName="1.0" keyValue="c2ee4224-2430-49ff-8cb1-aa29cd16c9a3" tModelKey="uddi:soa.com:serviceversion"/><ns5:keyedReference keyName="WSDL type" keyValue="service" tModelKey="uddi:uddi.org:wsdl:types"/><ns5:keyedReference keyName="service namespace" keyValue="https://akana.salesforce.com/services/data/v20.0/" tModelKey="uddi:uddi.org:xml:namespace"/><ns5:keyedReference keyName="service local name" keyValue="SalesforceV20_API" tModelKey="uddi:uddi.org:xml:localname"/><ns5:keyedReferenceGroup tModelKey="uddi:soa.com:service:group"/></ns5:categoryBag></ns5:businessService><ns2:ExportServiceEndpoint><ns8:ServiceEndpoint><ns8:ServiceKey>uddi:b37f9913-e7b8-11e4-94bf-b0d1b8a1a875</ns8:ServiceKey><ns8:Name>uddi:b4819fd9-e7b8-11e4-94bf-b0d1b8a1a875</ns8:Name><ns8:Url>https://akana.salesforce.com/services/data/v20.0/</ns8:Url><ns8:BindingQName>{https://akana.salesforce.com/services/data/v20.0/}SalesforceV20_API_Binding</ns8:BindingQName><ns8:PortName>SalesforceV20_API_port</ns8:PortName><ns8:Protocol>https</ns8:Protocol></ns8:ServiceEndpoint><ns2:EndpointWsdlUri>wsdls/uddi_b4819fd9-e7b8-11e4-94bf-b0d1b8a1a875.wsdl</ns2:EndpointWsdlUri></ns2:ExportServiceEndpoint></ns2:ExportService></ns2:ExportObjectConfiguration><ns2:ExportObjectConfiguration><ns1:ServiceKey><ns1:Key>uddi:db2fa915-e7b8-11e4-94bf-b0d1b8a1a875</ns1:Key><ns1:ServiceQName>{https://login.akana.salesforce.com/services/oauth2}SalesforceAuthentication_vs0</ns1:ServiceQName></ns1:ServiceKey><ns2:ExportService><ns3:VirtualService BusinessKey="uddi:d456e649-e6f8-11e4-94bf-b0d1b8a1a875" ServiceKey="uddi:db2fa915-e7b8-11e4-94bf-b0d1b8a1a875" WsdlServiceLocalName="SalesforceAuthentication_vs0" WsdlTargetNamespaceUrl="https://login.akana.salesforce.com/services/oauth2"><ns3:Name>SalesforceAuthentication_vs0</ns3:Name><ns3:Description></ns3:Description><ns3:Operations><ns3:LogicalOperation InterfaceName="{https://login.akana.salesforce.com/services/oauth2}SalesforceAuthentication_PortType" ManagementState="Enabled" NextHopOperationKey="uddi:dabf5c0d-e7b8-11e4-94bf-b0d1b8a1a875$$${https://login.akana.salesforce.com/services/oauth2}SalesforceAuthentication_PortType$$$POST__token" NextHopOperationName="POST /token" NextHopServiceKey="uddi:dabf5c0d-e7b8-11e4-94bf-b0d1b8a1a875" NextHopServiceName="SalesforceAuthentication" NumOfVirtualizedOperations="3" OperationKey="db767619-e7b8-11e4-94bf-b0d1b8a1a875" OperationLastUpdatedAt="2015-04-20T23:56:27.380Z" OperationName="POST /token" PolicyAvailable="true" ServiceKey="uddi:db2fa915-e7b8-11e4-94bf-b0d1b8a1a875" WsdlOperationName="POST__token"><ns3:NextHopOperation InterfaceName="{https://login.akana.salesforce.com/services/oauth2}SalesforceAuthentication_PortType" OperationKey="db11e7e1-e7b8-11e4-94bf-b0d1b8a1a875" OperationLastUpdatedAt="2015-04-20T23:56:26.497Z" OperationName="POST /token" ServiceKey="uddi:dabf5c0d-e7b8-11e4-94bf-b0d1b8a1a875" ServiceName="SalesforceAuthentication" WsdlOperationName="POST__token"/></ns3:LogicalOperation></ns3:Operations></ns3:VirtualService><ns5:businessService businessKey="uddi:d456e649-e6f8-11e4-94bf-b0d1b8a1a875" serviceKey="uddi:db2fa915-e7b8-11e4-94bf-b0d1b8a1a875"><ns5:name>SalesforceAuthentication_vs0</ns5:name><ns5:bindingTemplates><ns5:bindingTemplate bindingKey="uddi:dbc8188e-e7b8-11e4-94bf-b0d1b8a1a875" serviceKey="uddi:db2fa915-e7b8-11e4-94bf-b0d1b8a1a875"><ns5:accessPoint useType="endPoint">http://localhost:9905/sf_hook</ns5:accessPoint><ns5:tModelInstanceDetails><ns5:tModelInstanceInfo tModelKey="uddi:2c3397fa-5c64-76dd-4263-d42b953c7838"><ns5:description>The wsdl:binding that this wsdl:port implements. The instanceParms specifies the port local name.</ns5:description><ns5:instanceDetails><ns5:instanceParms>HTTP</ns5:instanceParms></ns5:instanceDetails></ns5:tModelInstanceInfo><ns5:tModelInstanceInfo tModelKey="uddi:e80c956c-0061-f360-1812-6e097027946f"><ns5:description>The wsdl:portType that this wsdl:port implements.</ns5:description></ns5:tModelInstanceInfo></ns5:tModelInstanceDetails><ns5:categoryBag><ns5:keyedReference keyName="WSDL type" keyValue="port" tModelKey="uddi:uddi.org:wsdl:types"/><ns5:keyedReferenceGroup tModelKey="uddi:soa.com:serviceendpoint:group"><ns5:keyedReference keyName="containerKey" keyValue="283b5d7c-b1dc-456d-ad3d-98cb1fc5" tModelKey="uddi:soa.com:serviceendpoint:containername"/><ns5:keyedReference keyName="listenerName" keyValue="default-http0" tModelKey="uddi:soa.com:serviceendpoint:listenername"/></ns5:keyedReferenceGroup></ns5:categoryBag></ns5:bindingTemplate></ns5:bindingTemplates><ns5:categoryBag><ns5:keyedReference keyName="Virtual Service" keyValue="Virtual Service" tModelKey="uddi:digev.com:categorization:services"/><ns5:keyedReference keyName="Design" keyValue="Design" tModelKey="uddi:soa.com:servicelifecyclestage"/><ns5:keyedReference keyName="WSDL type" keyValue="service" tModelKey="uddi:uddi.org:wsdl:types"/><ns5:keyedReference keyName="service namespace" keyValue="https://login.akana.salesforce.com/services/oauth2" tModelKey="uddi:uddi.org:xml:namespace"/><ns5:keyedReference keyName="service local name" keyValue="SalesforceAuthentication_vs0" tModelKey="uddi:uddi.org:xml:localname"/><ns5:keyedReference keyName="Managed Service" keyValue="Managed Service" tModelKey="uddi:digev.com:categorization:services"/></ns5:categoryBag></ns5:businessService><ns2:ExportServiceEndpoint><ns8:ServiceEndpoint><ns8:ServiceKey>uddi:db2fa915-e7b8-11e4-94bf-b0d1b8a1a875</ns8:ServiceKey><ns8:Name>uddi:dbc8188e-e7b8-11e4-94bf-b0d1b8a1a875</ns8:Name><ns8:Url>http://localhost:9905/sf_hook</ns8:Url><ns8:BindingQName>{https://login.akana.salesforce.com/services/oauth2}SalesforceAuthentication_Binding</ns8:BindingQName><ns8:PortName>HTTP</ns8:PortName><ns8:Protocol>http</ns8:Protocol><ns8:ContainerKey>283b5d7c-b1dc-456d-ad3d-98cb1fc5</ns8:ContainerKey><ns8:ListenerName>default-http0</ns8:ListenerName></ns8:ServiceEndpoint><ns2:EndpointWsdlUri>wsdls/uddi_dbc8188e-e7b8-11e4-94bf-b0d1b8a1a875.wsdl</ns2:EndpointWsdlUri></ns2:ExportServiceEndpoint><ns2:BpelUri>services/uddi_db2fa915-e7b8-11e4-94bf-b0d1b8a1a875/bpel.xml</ns2:BpelUri></ns2:ExportService></ns2:ExportObjectConfiguration><ns2:ExportObjectConfiguration><ns1:ServiceKey><ns1:Key>uddi:b4959d0b-e7b8-11e4-94bf-b0d1b8a1a875</ns1:Key><ns1:ServiceQName>{https://akana.salesforce.com/services/data/v20.0/}SalesforceV20_API_vs0</ns1:ServiceQName></ns1:ServiceKey><ns2:ExportService><ns3:VirtualService BusinessKey="uddi:d456e649-e6f8-11e4-94bf-b0d1b8a1a875" ServiceKey="uddi:b4959d0b-e7b8-11e4-94bf-b0d1b8a1a875" WsdlServiceLocalName="SalesforceV20_API_vs0" WsdlTargetNamespaceUrl="https://akana.salesforce.com/services/data/v20.0/"><ns3:Name>SalesforceV20_API_vs0</ns3:Name><ns3:Description></ns3:Description><ns3:Operations><ns3:LogicalOperation InterfaceName="{https://akana.salesforce.com/services/data/v20.0/}SalesforceV20_API_PortType" ManagementState="Enabled" NextHopOperationKey="uddi:b37f9913-e7b8-11e4-94bf-b0d1b8a1a875$$${https://akana.salesforce.com/services/data/v20.0/}SalesforceV20_API_PortType$$$GET__query" NextHopOperationName="GET /query" NextHopServiceKey="uddi:b37f9913-e7b8-11e4-94bf-b0d1b8a1a875" NextHopServiceName="SalesforceV20_API" NumOfVirtualizedOperations="0" OperationKey="b4d9f90f-e7b8-11e4-94bf-b0d1b8a1a875" OperationLastUpdatedAt="2015-04-20T23:55:23.650Z" OperationName="GET /query" PolicyAvailable="true" ServiceKey="uddi:b4959d0b-e7b8-11e4-94bf-b0d1b8a1a875" WsdlOperationName="GET__query"><ns3:NextHopOperation InterfaceName="{https://akana.salesforce.com/services/data/v20.0/}SalesforceV20_API_PortType" OperationKey="b459cc78-e7b8-11e4-94bf-b0d1b8a1a875" OperationLastUpdatedAt="2015-04-20T23:55:21.703Z" OperationName="GET /query" ServiceKey="uddi:b37f9913-e7b8-11e4-94bf-b0d1b8a1a875" ServiceName="SalesforceV20_API" WsdlOperationName="GET__query"/></ns3:LogicalOperation><ns3:LogicalOperation InterfaceName="{https://akana.salesforce.com/services/data/v20.0/}SalesforceV20_API_PortType" ManagementState="Enabled" NextHopOperationKey="uddi:b37f9913-e7b8-11e4-94bf-b0d1b8a1a875$$${https://akana.salesforce.com/services/data/v20.0/}SalesforceV20_API_PortType$$$GET__sobjects_Account__id_" NextHopOperationName="GET /sobjects/Account/{id}" NextHopServiceKey="uddi:b37f9913-e7b8-11e4-94bf-b0d1b8a1a875" NextHopServiceName="SalesforceV20_API" NumOfVirtualizedOperations="0" OperationKey="b4dcdf44-e7b8-11e4-94bf-b0d1b8a1a875" OperationLastUpdatedAt="2015-04-20T23:55:23.650Z" OperationName="GET /sobjects/Account/{id}" PolicyAvailable="true" ServiceKey="uddi:b4959d0b-e7b8-11e4-94bf-b0d1b8a1a875" WsdlOperationName="GET__sobjects_Account__id_"><ns3:NextHopOperation InterfaceName="{https://akana.salesforce.com/services/data/v20.0/}SalesforceV20_API_PortType" OperationKey="b45deb2d-e7b8-11e4-94bf-b0d1b8a1a875" OperationLastUpdatedAt="2015-04-20T23:55:21.703Z" OperationName="GET /sobjects/Account/{id}" ServiceKey="uddi:b37f9913-e7b8-11e4-94bf-b0d1b8a1a875" ServiceName="SalesforceV20_API" WsdlOperationName="GET__sobjects_Account__id_"/></ns3:LogicalOperation><ns3:LogicalOperation InterfaceName="{https://akana.salesforce.com/services/data/v20.0/}SalesforceV20_API_PortType" ManagementState="Enabled" NextHopOperationKey="uddi:b37f9913-e7b8-11e4-94bf-b0d1b8a1a875$$${https://akana.salesforce.com/services/data/v20.0/}SalesforceV20_API_PortType$$$GET__sobjects_Lead__id_" NextHopOperationName="GET /sobjects/Lead/{id}" NextHopServiceKey="uddi:b37f9913-e7b8-11e4-94bf-b0d1b8a1a875" NextHopServiceName="SalesforceV20_API" NumOfVirtualizedOperations="0" OperationKey="b4e0fdf9-e7b8-11e4-94bf-b0d1b8a1a875" OperationLastUpdatedAt="2015-04-20T23:55:23.650Z" OperationName="GET /sobjects/Lead/{id}" PolicyAvailable="true" ServiceKey="uddi:b4959d0b-e7b8-11e4-94bf-b0d1b8a1a875" WsdlOperationName="GET__sobjects_Lead__id_"><ns3:NextHopOperation InterfaceName="{https://akana.salesforce.com/services/data/v20.0/}SalesforceV20_API_PortType" OperationKey="b460f872-e7b8-11e4-94bf-b0d1b8a1a875" OperationLastUpdatedAt="2015-04-20T23:55:21.703Z" OperationName="GET /sobjects/Lead/{id}" ServiceKey="uddi:b37f9913-e7b8-11e4-94bf-b0d1b8a1a875" ServiceName="SalesforceV20_API" WsdlOperationName="GET__sobjects_Lead__id_"/></ns3:LogicalOperation><ns3:LogicalOperation InterfaceName="{https://akana.salesforce.com/services/data/v20.0/}SalesforceV20_API_PortType" ManagementState="Enabled" NextHopOperationKey="uddi:b37f9913-e7b8-11e4-94bf-b0d1b8a1a875$$${https://akana.salesforce.com/services/data/v20.0/}SalesforceV20_API_PortType$$$POST__sobjects_Account" NextHopOperationName="POST /sobjects/Account" NextHopServiceKey="uddi:b37f9913-e7b8-11e4-94bf-b0d1b8a1a875" NextHopServiceName="SalesforceV20_API" NumOfVirtualizedOperations="0" OperationKey="b4dc1bf1-e7b8-11e4-94bf-b0d1b8a1a875" OperationLastUpdatedAt="2015-04-20T23:55:23.650Z" OperationName="POST /sobjects/Account" PolicyAvailable="true" ServiceKey="uddi:b4959d0b-e7b8-11e4-94bf-b0d1b8a1a875" WsdlOperationName="POST__sobjects_Account"><ns3:NextHopOperation InterfaceName="{https://akana.salesforce.com/services/data/v20.0/}SalesforceV20_API_PortType" OperationKey="b45b2c0a-e7b8-11e4-94bf-b0d1b8a1a875" OperationLastUpdatedAt="2015-04-20T23:55:21.703Z" OperationName="POST /sobjects/Account" ServiceKey="uddi:b37f9913-e7b8-11e4-94bf-b0d1b8a1a875" ServiceName="SalesforceV20_API" WsdlOperationName="POST__sobjects_Account"/></ns3:LogicalOperation><ns3:LogicalOperation InterfaceName="{https://akana.salesforce.com/services/data/v20.0/}SalesforceV20_API_PortType" ManagementState="Enabled" NextHopOperationKey="uddi:b37f9913-e7b8-11e4-94bf-b0d1b8a1a875$$${https://akana.salesforce.com/services/data/v20.0/}SalesforceV20_API_PortType$$$POST__sobjects_Lead" NextHopOperationName="POST /sobjects/Lead" NextHopServiceKey="uddi:b37f9913-e7b8-11e4-94bf-b0d1b8a1a875" NextHopServiceName="SalesforceV20_API" NumOfVirtualizedOperations="3" OperationKey="b4df0226-e7b8-11e4-94bf-b0d1b8a1a875" OperationLastUpdatedAt="2015-04-20T23:55:23.650Z" OperationName="POST /sobjects/Lead" PolicyAvailable="true" ServiceKey="uddi:b4959d0b-e7b8-11e4-94bf-b0d1b8a1a875" WsdlOperationName="POST__sobjects_Lead"><ns3:NextHopOperation InterfaceName="{https://akana.salesforce.com/services/data/v20.0/}SalesforceV20_API_PortType" OperationKey="b45ed58f-e7b8-11e4-94bf-b0d1b8a1a875" OperationLastUpdatedAt="2015-04-20T23:55:21.703Z" OperationName="POST /sobjects/Lead" ServiceKey="uddi:b37f9913-e7b8-11e4-94bf-b0d1b8a1a875" ServiceName="SalesforceV20_API" WsdlOperationName="POST__sobjects_Lead"/></ns3:LogicalOperation></ns3:Operations></ns3:VirtualService><ns5:businessService businessKey="uddi:d456e649-e6f8-11e4-94bf-b0d1b8a1a875" serviceKey="uddi:b4959d0b-e7b8-11e4-94bf-b0d1b8a1a875"><ns5:name>SalesforceV20_API_vs0</ns5:name><ns5:bindingTemplates><ns5:bindingTemplate bindingKey="uddi:b5d08e25-e7b8-11e4-94bf-b0d1b8a1a875" serviceKey="uddi:b4959d0b-e7b8-11e4-94bf-b0d1b8a1a875"><ns5:accessPoint useType="endPoint">http://localhost:9905/sf_hook</ns5:accessPoint><ns5:tModelInstanceDetails><ns5:tModelInstanceInfo tModelKey="uddi:9e9546bf-c40b-91bd-7e97-aaecd15a9d84"><ns5:description>The wsdl:binding that this wsdl:port implements. The instanceParms specifies the port local name.</ns5:description><ns5:instanceDetails><ns5:instanceParms>HTTP</ns5:instanceParms></ns5:instanceDetails></ns5:tModelInstanceInfo><ns5:tModelInstanceInfo tModelKey="uddi:284b1cff-2936-9fc8-7d13-b21943e9f03f"><ns5:description>The wsdl:portType that this wsdl:port implements.</ns5:description></ns5:tModelInstanceInfo></ns5:tModelInstanceDetails><ns5:categoryBag><ns5:keyedReference keyName="WSDL type" keyValue="port" tModelKey="uddi:uddi.org:wsdl:types"/><ns5:keyedReferenceGroup tModelKey="uddi:soa.com:serviceendpoint:group"><ns5:keyedReference keyName="containerKey" keyValue="283b5d7c-b1dc-456d-ad3d-98cb1fc5" tModelKey="uddi:soa.com:serviceendpoint:containername"/><ns5:keyedReference keyName="listenerName" keyValue="default-http0" tModelKey="uddi:soa.com:serviceendpoint:listenername"/></ns5:keyedReferenceGroup></ns5:categoryBag></ns5:bindingTemplate></ns5:bindingTemplates><ns5:categoryBag><ns5:keyedReference keyName="Virtual Service" keyValue="Virtual Service" tModelKey="uddi:digev.com:categorization:services"/><ns5:keyedReference keyName="Design" keyValue="Design" tModelKey="uddi:soa.com:servicelifecyclestage"/><ns5:keyedReference keyName="WSDL type" keyValue="service" tModelKey="uddi:uddi.org:wsdl:types"/><ns5:keyedReference keyName="service namespace" keyValue="https://akana.salesforce.com/services/data/v20.0/" tModelKey="uddi:uddi.org:xml:namespace"/><ns5:keyedReference keyName="service local name" keyValue="SalesforceV20_API_vs0" tModelKey="uddi:uddi.org:xml:localname"/><ns5:keyedReference keyName="Managed Service" keyValue="Managed Service" tModelKey="uddi:digev.com:categorization:services"/></ns5:categoryBag></ns5:businessService><ns2:ExportServiceEndpoint><ns8:ServiceEndpoint><ns8:ServiceKey>uddi:b4959d0b-e7b8-11e4-94bf-b0d1b8a1a875</ns8:ServiceKey><ns8:Name>uddi:b5d08e25-e7b8-11e4-94bf-b0d1b8a1a875</ns8:Name><ns8:Url>http://localhost:9905/sf_hook</ns8:Url><ns8:BindingQName>{https://akana.salesforce.com/services/data/v20.0/}SalesforceV20_API_Binding</ns8:BindingQName><ns8:PortName>HTTP</ns8:PortName><ns8:Protocol>http</ns8:Protocol><ns8:ContainerKey>283b5d7c-b1dc-456d-ad3d-98cb1fc5</ns8:ContainerKey><ns8:ListenerName>default-http0</ns8:ListenerName></ns8:ServiceEndpoint><ns2:EndpointWsdlUri>wsdls/uddi_b5d08e25-e7b8-11e4-94bf-b0d1b8a1a875.wsdl</ns2:EndpointWsdlUri></ns2:ExportServiceEndpoint><ns2:BpelUri>services/uddi_b4959d0b-e7b8-11e4-94bf-b0d1b8a1a875/bpel.xml</ns2:BpelUri></ns2:ExportService></ns2:ExportObjectConfiguration><ns2:ExportObjectConfiguration><ns1:ContractKey><ns1:Key>85592b8b-e6ff-11e4-94bf-b0d1b8a1a875</ns1:Key></ns1:ContractKey><ns2:ExportContract><ns13:Contract><ns13:ContractInfo Anonymous="true" Key="85592b8b-e6ff-11e4-94bf-b0d1b8a1a875:1021" Name="Anonymous" State="Active"><ns13:Description></ns13:Description><ns13:ProviderOrganizationKey>uddi:d456e649-e6f8-11e4-94bf-b0d1b8a1a875</ns13:ProviderOrganizationKey><ns1:EffectiveDateTimes><ns1:StartDateTime><ns1:DateTime>2015-04-20T01:49:00Z</ns1:DateTime><ns1:TimezoneName>UTC</ns1:TimezoneName></ns1:StartDateTime><ns1:EndDateTime><ns1:DateTime>2016-04-19T01:49:00Z</ns1:DateTime><ns1:TimezoneName>UTC</ns1:TimezoneName></ns1:EndDateTime><ns1:Expire>false</ns1:Expire></ns1:EffectiveDateTimes><ns13:ContractVersionInfo><ns13:LastModifiedTimestamp>2015-04-20Z</ns13:LastModifiedTimestamp><ns13:User>Local Domain\administrator</ns13:User><ns13:MetadataVersion>1</ns13:MetadataVersion><ns13:ActiveMetadataVersion>1</ns13:ActiveMetadataVersion></ns13:ContractVersionInfo><ns13:ContractType>service.contract</ns13:ContractType></ns13:ContractInfo><ns13:ContractScope><ns1:OrganizationKey>uddi:d456e649-e6f8-11e4-94bf-b0d1b8a1a875</ns1:OrganizationKey></ns13:ContractScope></ns13:Contract></ns2:ExportContract></ns2:ExportObjectConfiguration><ns2:ExportObjectConfiguration><ns1:IdentityKey><ns1:Key>Local Domain\D04Xb0dPb0fOLsS#jjB6HA==</ns1:Key><ns1:DomainName>Local Domain</ns1:DomainName><ns1:UserName>D04Xb0dPb0fOLsS#jjB6HA==</ns1:UserName></ns1:IdentityKey><ns2:ExportUserIdentity><ns14:User DomainName="Local Domain" UserName="D04Xb0dPb0fOLsS#jjB6HA=="><ns14:FullName>Service: uddi:dabf5c0d-e7b8-11e4-94bf-b0d1b8a1a875</ns14:FullName><ns14:IdentityKey>urn:uuid:dac1a5fe-e7b8-11e4-94bf-b0d1b8a1a875</ns14:IdentityKey><ns14:Password>JVBG9L0gIrJmfo/KrvTMG2C1GpNK7EK9LhbtuA9nP3JwMSHCSQwfsI1cHQHnL1lgtaL6Kf6QGudQ468WSowEWg==</ns14:Password><ns14:Disabled>false</ns14:Disabled><ns14:ForcePwdResetOnNextLogin>false</ns14:ForcePwdResetOnNextLogin><ns14:Expired>false</ns14:Expired><ns14:ReadOnly>true</ns14:ReadOnly><ns14:PasswordFrmSeed>0</ns14:PasswordFrmSeed><ns14:OrganizationKey>uddi:soa.com:registryorganization</ns14:OrganizationKey><ns14:PasswordSalt>00j6ANGlQ/0nLo0LPZBgjmfBVrbLDCcic+GYS71QFxpohTnMp/OIqHzuEQ6MuDEjSw8T/YNZbC/xhpR3OtqZhA==</ns14:PasswordSalt></ns14:User><ns2:PKIGenerated>true</ns2:PKIGenerated></ns2:ExportUserIdentity></ns2:ExportObjectConfiguration><ns2:ExportObjectConfiguration><ns1:IdentityKey><ns1:Key>Local Domain\oQxTBwOSmAQ6EqD0wad83g==</ns1:Key><ns1:DomainName>Local Domain</ns1:DomainName><ns1:UserName>oQxTBwOSmAQ6EqD0wad83g==</ns1:UserName></ns1:IdentityKey><ns2:ExportUserIdentity><ns14:User DomainName="Local Domain" UserName="oQxTBwOSmAQ6EqD0wad83g=="><ns14:FullName>Service: uddi:b4959d0b-e7b8-11e4-94bf-b0d1b8a1a875</ns14:FullName><ns14:IdentityKey>urn:uuid:b49cc8fc-e7b8-11e4-94bf-b0d1b8a1a875</ns14:IdentityKey><ns14:Password>H7MTExIX68T5G6YA5W7ZpDmHakj84lpy1L4awNBh90BGk5wQ00RqR4P4Zk+wBh20O4xEsykJLYKgy/wQqkkV0Q==</ns14:Password><ns14:Disabled>false</ns14:Disabled><ns14:ForcePwdResetOnNextLogin>false</ns14:ForcePwdResetOnNextLogin><ns14:Expired>false</ns14:Expired><ns14:ReadOnly>true</ns14:ReadOnly><ns14:PasswordFrmSeed>0</ns14:PasswordFrmSeed><ns14:OrganizationKey>uddi:soa.com:registryorganization</ns14:OrganizationKey><ns14:PasswordSalt>biRB0WArSH2m5CXXQyEwlhHQl/FggdmeLQsZ0h2tv/pNH1UkMnBLDNsvEbli/iJq+5tOCtm5olunQsdr0f5ptw==</ns14:PasswordSalt></ns14:User><ns2:PKIGenerated>true</ns2:PKIGenerated></ns2:ExportUserIdentity></ns2:ExportObjectConfiguration><ns2:ExportObjectConfiguration><ns1:IdentityKey><ns1:Key>Local Domain\7ClTs51vig2tA29WpUvlAg==</ns1:Key><ns1:DomainName>Local Domain</ns1:DomainName><ns1:UserName>7ClTs51vig2tA29WpUvlAg==</ns1:UserName></ns1:IdentityKey><ns2:ExportUserIdentity><ns14:User DomainName="Local Domain" UserName="7ClTs51vig2tA29WpUvlAg=="><ns14:FullName>Service: uddi:db2fa915-e7b8-11e4-94bf-b0d1b8a1a875</ns14:FullName><ns14:IdentityKey>urn:uuid:db328f46-e7b8-11e4-94bf-b0d1b8a1a875</ns14:IdentityKey><ns14:Password>/tGMNhjO3BixprY5OiLsChN7V2RaIpM4jwBHD4xXnL4noM4H8aDUX09FfTEo1C5NMRWOpSvCJ+EqN/XV42uEYQ==</ns14:Password><ns14:Disabled>false</ns14:Disabled><ns14:ForcePwdResetOnNextLogin>false</ns14:ForcePwdResetOnNextLogin><ns14:Expired>false</ns14:Expired><ns14:ReadOnly>true</ns14:ReadOnly><ns14:PasswordFrmSeed>0</ns14:PasswordFrmSeed><ns14:OrganizationKey>uddi:soa.com:registryorganization</ns14:OrganizationKey><ns14:PasswordSalt>WMZorQRpHrKLn8bk1j8XGVnWRGmqeE6e9oEGKSR1pbunSCNU1QGNJN031GaaqqUmDCU2XYqxdRWiiEenpDKhfQ==</ns14:PasswordSalt></ns14:User><ns2:PKIGenerated>true</ns2:PKIGenerated></ns2:ExportUserIdentity></ns2:ExportObjectConfiguration><ns2:ExportObjectConfiguration><ns1:IdentityKey><ns1:Key>Local Domain\BYwrped0eM1fbFxrWa9FKw==</ns1:Key><ns1:DomainName>Local Domain</ns1:DomainName><ns1:UserName>BYwrped0eM1fbFxrWa9FKw==</ns1:UserName></ns1:IdentityKey><ns2:ExportUserIdentity><ns14:User DomainName="Local Domain" UserName="BYwrped0eM1fbFxrWa9FKw=="><ns14:FullName>Service: uddi:b37f9913-e7b8-11e4-94bf-b0d1b8a1a875</ns14:FullName><ns14:IdentityKey>urn:uuid:b3820a14-e7b8-11e4-94bf-b0d1b8a1a875</ns14:IdentityKey><ns14:Password>8zPhPmoKVCyF2mGvobohLcvYJhCetJSqN0aKQ+m9wiaEEtZKo6YclKNkgWUOIDJyWLp3ixZCcL9LFrEOQX+t/w==</ns14:Password><ns14:Disabled>false</ns14:Disabled><ns14:ForcePwdResetOnNextLogin>false</ns14:ForcePwdResetOnNextLogin><ns14:Expired>false</ns14:Expired><ns14:ReadOnly>true</ns14:ReadOnly><ns14:PasswordFrmSeed>0</ns14:PasswordFrmSeed><ns14:OrganizationKey>uddi:soa.com:registryorganization</ns14:OrganizationKey><ns14:PasswordSalt>PripTdIOggOAdYw81qs5dYf1yWKEa3kH5KLJjZq+WR3oht1EY4Pdxwn+gAf7XCp44h7/mRKtOBabFYpxAFXcfg==</ns14:PasswordSalt></ns14:User><ns2:PKIGenerated>true</ns2:PKIGenerated></ns2:ExportUserIdentity></ns2:ExportObjectConfiguration></ns2:ExportConfiguration>